"jersey_no","name","tm_id","tm_position","tm_team_id","tm_team","tm_foot","tm_value","tm_height","tm_debut","country"
"13","David de Gea","59377","Keeper","985","Manchester United","right","40,00 Mill. €  ","1,89 m","Jun 8, 2014","Spain"
"23","Sergio Rico","207302","Keeper","368","Sevilla FC","right","15,00 Mill. €  ","1,94 m","Jun 1, 2016","Spain"
"1","Iker Casillas","3979","Keeper","720","FC Porto","left","3,00 Mill. €  ","1,82 m","Jun 3, 2000","Spain"
"3","Gerard Piqué","18944","Centre Back","131","FC Barcelona","right","40,00 Mill. €  ","1,93 m","Feb 11, 2009","Spain"
"15","Sergio Ramos","25557","Centre Back","418","Real Madrid","right","40,00 Mill. €  ","1,83 m","Mar 26, 2005","Spain"
"4","Marc Bartra","99922","Centre Back","131","FC Barcelona","right","8,00 Mill. €  ","1,83 m","Nov 16, 2013","Spain"
"18","Jordi Alba","69751","Left-Back","131","FC Barcelona","left","35,00 Mill. €  ","1,70 m","Oct 11, 2011","Spain"
"2","César Azpilicueta","57500","Right-Back","631","Chelsea FC","right","20,00 Mill. €  ","1,78 m","Feb 6, 2013","Spain"
"12","Héctor Bellerín","191217","Right-Back","11","Arsenal FC","right","18,00 Mill. €  ","1,78 m","May 29, 2016","Spain"
"16","Juanfran","16635","Right-Back","13","Atlético Madrid","right","16,00 Mill. €  ","1,81 m","May 26, 2012","Spain"
"5","Sergio Busquets","65230","Defensive Midfield","131","FC Barcelona","right","60,00 Mill. €  ","1,89 m","Apr 1, 2009","Spain"
"17","Mikel San José","52469","Defensive Midfield","621","Athletic Bilbao","right","10,00 Mill. €  ","1,86 m","Sep 4, 2014","Spain"
"19","Bruno Soriano","44412","Defensive Midfield","1050","Villarreal CF","left","8,00 Mill. €  ","1,84 m","Aug 11, 2010","Spain"
"10","Cesc Fàbregas","8806","Central Midfield","631","Chelsea FC","right","45,00 Mill. €  ","1,75 m","Mar 1, 2006","Spain"
"6","Andrés Iniesta","7600","Central Midfield","131","FC Barcelona","right","35,00 Mill. €  ","1,71 m","May 27, 2006","Spain"
"14","Thiago","60444","Central Midfield","27","Bayern Munich","right","25,00 Mill. €  ","1,74 m","Aug 10, 2011","Spain"
"21","David Silva","35518","Attacking Midfield","281","Manchester City","left","33,00 Mill. €  ","1,70 m","Nov 15, 2006","Spain"
"8","Koke","74229","Left Wing","13","Atlético Madrid","right","60,00 Mill. €  ","1,76 m","Aug 14, 2013","Spain"
"11","Pedro","65278","Right Wing","631","Chelsea FC","both","23,00 Mill. €  ","1,67 m","May 29, 2010","Spain"
"22","Nolito","70934","Left Wing","940","Celta de Vigo","right","15,00 Mill. €  ","1,75 m","Nov 18, 2014","Spain"
"9","Lucas Vázquez","221316","Right Wing","418","Real Madrid","right","10,00 Mill. €  ","1,73 m","Jun 7, 2016","Spain"
"7","Álvaro Morata","128223","Centre Forward","506","Juventus FC","both","30,00 Mill. €  ","1,89 m","Nov 15, 2014","Spain"
"20","Aritz Aduriz","29124","Centre Forward","621","Athletic Bilbao","right","3,00 Mill. €  ","1,82 m","Oct 8, 2010","Spain"
"1","Manuel Neuer","17259","Keeper","27","Bayern Munich","right","45,00 Mill. €  ","1,93 m","Jun 2, 2009","Germany"
"12","Bernd Leno","72476","Keeper","15","Bayer 04 Leverkusen","right","16,00 Mill. €  ","1,90 m","May 29, 2016","Germany"
"22","Marc-André ter Stegen","74857","Keeper","131","FC Barcelona","right","15,00 Mill. €  ","1,87 m","May 26, 2012","Germany"
"17","Jérôme Boateng","26485","Centre Back","27","Bayern Munich","right","40,00 Mill. €  ","1,92 m","Oct 10, 2009","Germany"
"5","Mats Hummels","39728","Centre Back","16","Borussia Dortmund","right","38,00 Mill. €  ","1,92 m","May 13, 2010","Germany"
"2","Shkodran Mustafi","88590","Centre Back","1049","Valencia CF","right","20,00 Mill. €  ","1,84 m","May 13, 2014","Germany"
"4","Benedikt Höwedes","39020","Centre Back","33","FC Schalke 04","right","16,00 Mill. €  ","1,87 m","May 29, 2011","Germany"
"16","Jonathan Tah","196357","Centre Back","15","Bayer 04 Leverkusen","right","12,00 Mill. €  ","1,94 m","Mar 26, 2016","Germany"
"3","Jonas Hector","108537","Left-Back","3","1. FC Köln","left","11,00 Mill. €  ","1,85 m","Nov 14, 2014","Germany"
"14","Emre Can","119296","Defensive Midfield","31","Liverpool FC","right","18,00 Mill. €  ","1,84 m","Sep 4, 2015","Germany"
"15","Julian Weigl","196792","Defensive Midfield","16","Borussia Dortmund","right","14,00 Mill. €  ","1,87 m","May 29, 2016","Germany"
"21","Joshua Kimmich","161056","Defensive Midfield","27","Bayern Munich","right","13,00 Mill. €  ","1,76 m","May 29, 2016","Germany"
"18","Toni Kroos","31909","Central Midfield","418","Real Madrid","both","50,00 Mill. €  ","1,82 m","Mar 3, 2010","Germany"
"6","Sami Khedira","29401","Central Midfield","506","Juventus FC","right","20,00 Mill. €  ","1,89 m","Sep 5, 2009","Germany"
"7","Bastian Schweinsteiger","2514","Central Midfield","985","Manchester United","right","12,00 Mill. €  ","1,83 m","Jun 6, 2004","Germany"
"8","Mesut Özil","35664","Attacking Midfield","11","Arsenal FC","left","50,00 Mill. €  ","1,80 m","Feb 11, 2009","Germany"
"19","Mario Götze","74842","Attacking Midfield","27","Bayern Munich","right","35,00 Mill. €  ","1,76 m","Nov 17, 2010","Germany"
"11","Julian Draxler","85148","Attacking Midfield","82","VfL Wolfsburg","right","24,00 Mill. €  ","1,87 m","May 26, 2012","Germany"
"9","André Schürrle","58205","Left Wing","82","VfL Wolfsburg","right","18,00 Mill. €  ","1,84 m","Nov 17, 2010","Germany"
"20","Leroy Sané","192565","Right Wing","33","FC Schalke 04","left","18,00 Mill. €  ","1,84 m","Nov 13, 2015","Germany"
"13","Thomas Müller","58358","Secondary Striker","27","Bayern Munich","right","75,00 Mill. €  ","1,86 m","Mar 3, 2010","Germany"
"23","Mario Gómez","6288","Centre Forward","114","Besiktas JK","both","12,00 Mill. €  ","1,89 m","Feb 7, 2007","Germany"
"10","Lukas Podolski","15185","Centre Forward","141","Galatasaray SK","left","8,00 Mill. €  ","1,82 m","Jun 6, 2004","Germany"
"1","Hugo Lloris","17965","Keeper","148","Tottenham Hotspur","left","24,00 Mill. €  ","1,88 m","Nov 19, 2008","France"
"16","Steve Mandanda","23951","Keeper","244","Olympique Marseille","right","10,00 Mill. €  ","1,85 m","May 27, 2008","France"
"23","Benoît Costil","22628","Keeper","273","Stade Rennais FC","right","8,00 Mill. €  ","1,88 m","-","France"
"13","Eliaquim Mangala","90681","Centre Back","281","Manchester City","left","23,00 Mill. €  ","1,86 m","Jun 5, 2013","France"
"21","Laurent Koscielny","76277","Centre Back","11","Arsenal FC","right","22,00 Mill. €  ","1,86 m","Nov 11, 2011","France"
"22","Samuel Umtiti","126540","Centre Back","1041","Olympique Lyon","left","15,00 Mill. €  ","1,81 m","-","France"
"4","Adil Rami","51118","Centre Back","368","Sevilla FC","right","7,00 Mill. €  ","1,90 m","Aug 11, 2010","France"
"17","Lucas Digne","126664","Left-Back","12","AS Roma","left","12,00 Mill. €  ","1,78 m","Mar 5, 2014","France"
"3","Patrice Evra","5285","Left-Back","506","Juventus FC","left","1,00 Mill. €  ","1,74 m","Aug 18, 2004","France"
"19","Bacary Sagna","26764","Right-Back","281","Manchester City","right","7,00 Mill. €  ","1,76 m","Aug 22, 2007","France"
"2","Christophe Jallet","28335","Right-Back","1041","Olympique Lyon","right","2,00 Mill. €  ","1,76 m","Aug 15, 2012","France"
"12","Morgan Schneiderlin","56818","Defensive Midfield","985","Manchester United","right","30,00 Mill. €  ","1,86 m","Jun 8, 2014","France"
"15","Paul Pogba","122153","Central Midfield","506","Juventus FC","both","70,00 Mill. €  ","1,91 m","Mar 22, 2013","France"
"14","Blaise Matuidi","33923","Central Midfield","583","Paris Saint-Germain","left","30,00 Mill. €  ","1,78 m","Sep 7, 2010","France"
"5","N'Golo Kanté","225083","Central Midfield","1003","Leicester City","right","20,00 Mill. €  ","1,69 m","Mar 25, 2016","France"
"6","Yohan Cabaye","29434","Central Midfield","873","Crystal Palace","right","18,00 Mill. €  ","1,73 m","Aug 11, 2010","France"
"18","Moussa Sissoko","46001","Central Midfield","762","Newcastle United","right","13,00 Mill. €  ","1,87 m","Oct 10, 2009","France"
"8","Dimitri Payet","37647","Attacking Midfield","379","West Ham United","both","23,00 Mill. €  ","1,76 m","Oct 9, 2010","France"
"20","Kingsley Coman","243714","Right Wing","27","Bayern Munich","right","17,00 Mill. €  ","1,78 m","Nov 13, 2015","France"
"7","Antoine Griezmann","125781","Secondary Striker","13","Atlético Madrid","left","70,00 Mill. €  ","1,75 m","Mar 5, 2014","France"
"11","Anthony Martial","182877","Centre Forward","985","Manchester United","right","32,00 Mill. €  ","1,81 m","Sep 4, 2015","France"
"9","Olivier Giroud","82442","Centre Forward","11","Arsenal FC","left","25,00 Mill. €  ","1,92 m","Nov 11, 2011","France"
"10","André-Pierre Gignac","43907","Centre Forward","7055","Tigres UANL","right","8,00 Mill. €  ","1,87 m","Apr 1, 2009","France"
"1","Joe Hart","40204","Keeper","281","Manchester City","right","17,00 Mill. €  ","1,96 m","Jun 1, 2008","England"
"13","Fraser Forster","52570","Keeper","180","Southampton FC","right","15,00 Mill. €  ","2,01 m","Nov 15, 2013","England"
"23","Tom Heaton","34130","Keeper","1132","Burnley FC","right","3,00 Mill. €  ","1,88 m","May 27, 2016","England"
"16","John Stones","186590","Centre Back","29","Everton FC","right","28,00 Mill. €  ","1,88 m","May 30, 2014","England"
"6","Chris Smalling","103427","Centre Back","985","Manchester United","right","20,00 Mill. €  ","1,94 m","Sep 2, 2011","England"
"5","Gary Cahill","27511","Centre Back","631","Chelsea FC","right","16,00 Mill. €  ","1,93 m","Sep 3, 2010","England"
"3","Danny Rose","50174","Left-Back","148","Tottenham Hotspur","left","14,00 Mill. €  ","1,73 m","Mar 26, 2016","England"
"21","Ryan Bertrand","40611","Left-Back","180","Southampton FC","left","14,00 Mill. €  ","1,79 m","Aug 15, 2012","England"
"12","Nathaniel Clyne","85177","Right-Back","31","Liverpool FC","right","21,00 Mill. €  ","1,75 m","Nov 15, 2014","England"
"2","Kyle Walker","95424","Right-Back","148","Tottenham Hotspur","right","15,00 Mill. €  ","1,78 m","Nov 12, 2011","England"
"17","Eric Dier","175722","Defensive Midfield","148","Tottenham Hotspur","right","18,00 Mill. €  ","1,88 m","Nov 13, 2015","England"
"14","Jordan Henderson","61651","Central Midfield","31","Liverpool FC","right","28,00 Mill. €  ","1,82 m","Nov 17, 2010","England"
"18","Jack Wilshere","74223","Central Midfield","11","Arsenal FC","left","23,00 Mill. €  ","1,72 m","Aug 11, 2010","England"
"20","Dele Alli","207929","Central Midfield","148","Tottenham Hotspur","right","20,00 Mill. €  ","1,88 m","Oct 9, 2015","England"
"4","James Milner","3333","Central Midfield","31","Liverpool FC","right","15,00 Mill. €  ","1,76 m","Aug 12, 2009","England"
"19","Ross Barkley","131978","Attacking Midfield","29","Everton FC","right","22,00 Mill. €  ","1,89 m","Sep 6, 2013","England"
"8","Adam Lallana","43530","Attacking Midfield","31","Liverpool FC","both","19,00 Mill. €  ","1,72 m","Nov 15, 2013","England"
"7","Raheem Sterling","134425","Left Wing","281","Manchester City","right","45,00 Mill. €  ","1,70 m","Nov 14, 2012","England"
"10","Wayne Rooney","3332","Secondary Striker","985","Manchester United","right","35,00 Mill. €  ","1,76 m","Feb 12, 2003","England"
"9","Harry Kane","132098","Centre Forward","148","Tottenham Hotspur","right","40,00 Mill. €  ","1,88 m","Mar 27, 2015","England"
"15","Daniel Sturridge","47082","Centre Forward","31","Liverpool FC","left","25,00 Mill. €  ","1,88 m","Nov 15, 2011","England"
"11","Jamie Vardy","197838","Centre Forward","1003","Leicester City","right","18,00 Mill. €  ","1,78 m","Jun 7, 2015","England"
"22","Marcus Rashford","258923","Centre Forward","985","Manchester United","right","6,00 Mill. €  ","1,80 m","May 27, 2016","England"
"1","Thibaut Courtois","108390","Keeper","631","Chelsea FC","left","35,00 Mill. €  ","1,99 m","Nov 15, 2011","Belgium"
"12","Simon Mignolet","50219","Keeper","31","Liverpool FC","right","12,00 Mill. €  ","1,93 m","Mar 25, 2011","Belgium"
"13","Jean-François Gillet","22149","Keeper","354","KV Mechelen","right","500 Th. €  ","1,81 m","Sep 5, 2009","Belgium"
"2","Toby Alderweireld","42710","Centre Back","148","Tottenham Hotspur","right","27,00 Mill. €  ","1,86 m","May 29, 2009","Belgium"
"5","Jan Vertonghen","43250","Centre Back","148","Tottenham Hotspur","left","23,00 Mill. €  ","1,89 m","Jun 21, 2007","Belgium"
"18","Christian Kabasele","81512","Centre Back","1184","KRC Genk","right","6,00 Mill. €  ","1,87 m","-","Belgium"
"15","Jason Denayer","277114","Centre Back","141","Galatasaray SK","right","4,00 Mill. €  ","1,84 m","Mar 31, 2015","Belgium"
"3","Thomas Vermaelen","15904","Centre Back","131","FC Barcelona","left","3,00 Mill. €  ","1,83 m","Mar 1, 2006","Belgium"
"23","Laurent Ciman","22338","Centre Back","4078","Montreal Impact","right","2,50 Mill. €  ","1,84 m","May 19, 2010","Belgium"
"21","Jordan Lukaku","140804","Left-Back","2861","KV Oostende","left","4,00 Mill. €  ","1,83 m","Oct 10, 2015","Belgium"
"16","Thomas Meunier","100986","Right-Back","2282","Club Brugge KV","right","6,00 Mill. €  ","1,90 m","Nov 14, 2013","Belgium"
"4","Radja Nainggolan","41982","Central Midfield","12","AS Roma","right","30,00 Mill. €  ","1,75 m","May 29, 2009","Belgium"
"6","Axel Witsel","35047","Central Midfield","964","Zenit St. Petersburg","right","23,00 Mill. €  ","1,86 m","Mar 26, 2008","Belgium"
"19","Mousa Dembélé","19368","Central Midfield","148","Tottenham Hotspur","left","18,00 Mill. €  ","1,85 m","Oct 11, 2006","Belgium"
"8","Marouane Fellaini","39679","Central Midfield","985","Manchester United","right","15,00 Mill. €  ","1,94 m","Feb 7, 2007","Belgium"
"7","Kevin De Bruyne","88755","Attacking Midfield","281","Manchester City","right","60,00 Mill. €  ","1,81 m","Aug 11, 2010","Belgium"
"10","Eden Hazard","50202","Left Wing","631","Chelsea FC","both","65,00 Mill. €  ","1,73 m","Nov 19, 2008","Belgium"
"11","Yannick Carrasco","140776","Left Wing","13","Atlético Madrid","both","25,00 Mill. €  ","1,80 m","Mar 28, 2015","Belgium"
"14","Dries Mertens","56416","Left Wing","6195","SSC Napoli","right","16,00 Mill. €  ","1,69 m","Feb 9, 2011","Belgium"
"9","Romelu Lukaku","96341","Centre Forward","29","Everton FC","left","40,00 Mill. €  ","1,91 m","Mar 3, 2010","Belgium"
"20","Christian Benteke","50201","Centre Forward","31","Liverpool FC","right","27,00 Mill. €  ","1,91 m","May 19, 2010","Belgium"
"22","Michy Batshuayi","179184","Centre Forward","244","Olympique Marseille","both","15,00 Mill. €  ","1,82 m","Mar 28, 2015","Belgium"
"17","Divock Origi","148368","Centre Forward","31","Liverpool FC","both","11,00 Mill. €  ","1,86 m","Jun 1, 2014","Belgium"
"1","Rui Patrício","45026","Keeper","336","Sporting CP","left","14,00 Mill. €  ","1,90 m","Nov 17, 2010","Portugal"
"12","Anthony Lopes","60561","Keeper","1041","Olympique Lyon","left","13,00 Mill. €  ","1,84 m","Mar 31, 2015","Portugal"
"22","Eduardo","34159","Keeper","419","GNK Dinamo Zagreb","right","1,50 Mill. €  ","1,88 m","Feb 11, 2009","Portugal"
"3","Pepe","14132","Centre Back","418","Real Madrid","right","6,00 Mill. €  ","1,87 m","Nov 21, 2007","Portugal"
"4","José Fonte","33829","Centre Back","180","Southampton FC","right","5,00 Mill. €  ","1,87 m","Nov 18, 2014","Portugal"
"2","Bruno Alves","13121","Centre Back","36","Fenerbahce SK","right","2,00 Mill. €  ","1,89 m","Jun 5, 2007","Portugal"
"6","Ricardo Carvalho","9828","Centre Back","162","AS Monaco","right","500 Th. €  ","1,82 m","Oct 11, 2003","Portugal"
"5","Raphaël Guerreiro","170986","Left-Back","1158","FC Lorient","left","9,00 Mill. €  ","1,70 m","Nov 14, 2014","Portugal"
"19","Eliseu","14192","Left-Back","294","SL Benfica","left","2,00 Mill. €  ","1,76 m","Jun 10, 2009","Portugal"
"21","Cédric Soares","112988","Right-Back","180","Southampton FC","right","11,00 Mill. €  ","1,72 m","Oct 11, 2014","Portugal"
"11","Vieirinha","35247","Right-Back","82","VfL Wolfsburg","right","7,00 Mill. €  ","1,72 m","Mar 22, 2013","Portugal"
"14","William Carvalho","100131","Defensive Midfield","336","Sporting CP","right","26,00 Mill. €  ","1,87 m","Nov 19, 2013","Portugal"
"13","Danilo Pereira","141050","Defensive Midfield","720","FC Porto","right","12,00 Mill. €  ","1,88 m","Mar 31, 2015","Portugal"
"15","André Gomes","221025","Central Midfield","1049","Valencia CF","right","20,00 Mill. €  ","1,88 m","Sep 7, 2014","Portugal"
"16","Renato Sanches","258027","Central Midfield","294","SL Benfica","right","20,00 Mill. €  ","1,76 m","Mar 25, 2016","Portugal"
"8","João Moutinho","29364","Central Midfield","162","AS Monaco","right","18,00 Mill. €  ","1,71 m","Aug 17, 2005","Portugal"
"23","Adrien Silva","56810","Central Midfield","336","Sporting CP","right","18,00 Mill. €  ","1,75 m","Nov 18, 2014","Portugal"
"18","Rafa Silva","238055","Left Wing","1075","SC Braga","right","15,00 Mill. €  ","1,70 m","Feb 5, 2014","Portugal"
"10","João Mário","149729","Right Wing","336","Sporting CP","right","20,00 Mill. €  ","1,79 m","Oct 11, 2014","Portugal"
"7","Cristiano Ronaldo","8198","Left Wing","418","Real Madrid","both","110,00 Mill. €  ","1,85 m","Aug 20, 2003","Portugal"
"17","Nani","33706","Right Wing","36","Fenerbahce SK","both","14,50 Mill. €  ","1,76 m","Sep 1, 2006","Portugal"
"20","Ricardo Quaresma","4188","Right Wing","114","Besiktas JK","right","4,00 Mill. €  ","1,75 m","Jun 10, 2003","Portugal"
"9","Éder","84481","Centre Forward","1082","LOSC Lille","both","5,00 Mill. €  ","1,90 m","Sep 11, 2012","Portugal"
"23","Danijel Subasic","27941","Keeper","162","AS Monaco","right","5,00 Mill. €  ","1,91 m","Nov 14, 2009","Croatia"
"12","Lovre Kalinic","46405","Keeper","447","HNK Hajduk Split","right","3,00 Mill. €  ","2,01 m","Nov 12, 2014","Croatia"
"1","Ivan Vargic","34553","Keeper","144","HNK Rijeka","right","1,75 Mill. €  ","1,92 m","Nov 12, 2014","Croatia"
"5","Vedran Corluka","34393","Centre Back","932","Lokomotiv Moscow","right","9,00 Mill. €  ","1,92 m","Aug 16, 2006","Croatia"
"6","Tin Jedvaj","206386","Centre Back","15","Bayer 04 Leverkusen","right","8,00 Mill. €  ","1,84 m","Sep 4, 2014","Croatia"
"21","Domagoj Vida","46083","Centre Back","338","Dynamo Kyiv","right","7,50 Mill. €  ","1,84 m","May 23, 2010","Croatia"
"13","Gordon Schildenfeld","38870","Centre Back","419","GNK Dinamo Zagreb","right","1,50 Mill. €  ","1,91 m","Nov 14, 2009","Croatia"
"3","Ivan Strinic","39799","Left-Back","6195","SSC Napoli","left","4,50 Mill. €  ","1,86 m","May 19, 2010","Croatia"
"2","Sime Vrsaljko","76061","Right-Back","6574","US Sassuolo","right","13,00 Mill. €  ","1,83 m","Feb 9, 2011","Croatia"
"11","Darijo Srna","14942","Right-Back","660","Shakhtar Donetsk","right","4,00 Mill. €  ","1,82 m","Nov 20, 2002","Croatia"
"19","Milan Badelj","40633","Defensive Midfield","430","ACF Fiorentina","right","8,00 Mill. €  ","1,86 m","May 23, 2010","Croatia"
"7","Ivan Rakitic","32467","Central Midfield","131","FC Barcelona","right","50,00 Mill. €  ","1,84 m","Sep 8, 2007","Croatia"
"10","Luka Modric","27992","Central Midfield","418","Real Madrid","both","50,00 Mill. €  ","1,72 m","Mar 1, 2006","Croatia"
"8","Mateo Kovacic","51471","Central Midfield","418","Real Madrid","right","20,00 Mill. €  ","1,78 m","Mar 22, 2013","Croatia"
"14","Marcelo Brozovic","156617","Central Midfield","46","Inter Milan","both","18,00 Mill. €  ","1,81 m","Jun 6, 2014","Croatia"
"18","Ante Coric","96630","Attacking Midfield","419","GNK Dinamo Zagreb","both","7,00 Mill. €  ","1,72 m","May 27, 2016","Croatia"
"15","Marko Rog","317482","Attacking Midfield","419","GNK Dinamo Zagreb","right","6,00 Mill. €  ","1,80 m","Nov 12, 2014","Croatia"
"4","Ivan Perisic","42460","Left Wing","46","Inter Milan","both","21,00 Mill. €  ","1,87 m","Mar 26, 2011","Croatia"
"20","Marko Pjaca","205940","Left Wing","419","GNK Dinamo Zagreb","right","8,00 Mill. €  ","1,86 m","Sep 4, 2014","Croatia"
"17","Mario Mandzukic","34572","Centre Forward","506","Juventus FC","right","19,00 Mill. €  ","1,90 m","Nov 17, 2007","Croatia"
"16","Nikola Kalinic","36371","Centre Forward","430","ACF Fiorentina","both","13,50 Mill. €  ","1,87 m","May 24, 2008","Croatia"
"9","Andrej Kramaric","46580","Centre Forward","533","TSG 1899 Hoffenheim","right","7,50 Mill. €  ","1,77 m","Sep 4, 2014","Croatia"
"22","Duje Cop","46415","Centre Forward","1084","Málaga CF","right","3,00 Mill. €  ","1,87 m","Sep 4, 2014","Croatia"
"12","Salvatore Sirigu","25508","Keeper","583","Paris Saint-Germain","right","8,00 Mill. €  ","1,92 m","Aug 10, 2010","Italy"
"13","Federico Marchetti","22318","Keeper","398","SS Lazio","left","4,00 Mill. €  ","1,88 m","Jun 6, 2009","Italy"
"1","Gianluigi Buffon","5023","Keeper","506","Juventus FC","right","2,00 Mill. €  ","1,92 m","Oct 29, 1997","Italy"
"19","Leonardo Bonucci","39983","Centre Back","506","Juventus FC","right","30,00 Mill. €  ","1,90 m","Mar 3, 2010","Italy"
"3","Giorgio Chiellini","29260","Centre Back","506","Juventus FC","left","13,00 Mill. €  ","1,87 m","Nov 17, 2004","Italy"
"5","Angelo Ogbonna","48002","Centre Back","379","West Ham United","left","9,00 Mill. €  ","1,89 m","Nov 11, 2011","Italy"
"15","Andrea Barzagli","7109","Centre Back","506","Juventus FC","right","2,00 Mill. €  ","1,87 m","Nov 17, 2004","Italy"
"4","Matteo Darmian","54906","Right-Back","985","Manchester United","right","15,00 Mill. €  ","1,83 m","May 31, 2014","Italy"
"2","Mattia De Sciglio","88682","Right-Back","5","AC Milan","right","5,00 Mill. €  ","1,83 m","Mar 21, 2013","Italy"
"16","Daniele De Rossi","5947","Defensive Midfield","12","AS Roma","both","5,00 Mill. €  ","1,85 m","Sep 4, 2004","Italy"
"10","Thiago Motta","7602","Defensive Midfield","583","Paris Saint-Germain","left","3,00 Mill. €  ","1,87 m","Feb 9, 2011","Italy"
"8","Alessandro Florenzi","130365","Central Midfield","12","AS Roma","right","20,00 Mill. €  ","1,73 m","Nov 14, 2012","Italy"
"14","Stefano Sturaro","167859","Central Midfield","506","Juventus FC","right","11,00 Mill. €  ","1,81 m","Jun 6, 2016","Italy"
"18","Marco Parolo","84545","Central Midfield","398","SS Lazio","both","6,50 Mill. €  ","1,84 m","Mar 29, 2011","Italy"
"6","Antonio Candreva","25488","Right Wing","398","SS Lazio","right","23,00 Mill. €  ","1,81 m","Nov 14, 2009","Italy"
"20","Lorenzo Insigne","133964","Left Wing","6195","SSC Napoli","right","25,00 Mill. €  ","1,63 m","Sep 11, 2012","Italy"
"22","Stephan El Shaarawy","94529","Left Wing","12","AS Roma","right","17,00 Mill. €  ","1,78 m","Aug 15, 2012","Italy"
"21","Federico Bernardeschi","197300","Right Wing","430","ACF Fiorentina","left","16,00 Mill. €  ","1,83 m","Mar 24, 2016","Italy"
"23","Emanuele Giaccherini","84835","Right Wing","1025","Bologna FC 1909","right","4,00 Mill. €  ","1,67 m","Jun 10, 2012","Italy"
"7","Simone Zaza","96828","Centre Forward","506","Juventus FC","left","12,00 Mill. €  ","1,86 m","Sep 4, 2014","Italy"
"17","Éder","37418","Centre Forward","46","Inter Milan","right","12,00 Mill. €  ","1,78 m","Mar 28, 2015","Italy"
"9","Graziano Pellè","29594","Centre Forward","180","Southampton FC","right","11,00 Mill. €  ","1,94 m","Oct 13, 2014","Italy"
"11","Ciro Immobile","105521","Centre Forward","416","Torino FC","right","10,00 Mill. €  ","1,85 m","Mar 5, 2014","Italy"
"1","Wojciech Szczesny","44058","Keeper","12","AS Roma","right","12,00 Mill. €  ","1,96 m","Nov 18, 2009","Poland"
"22","Lukasz Fabianski","29692","Keeper","2288","Swansea City","right","7,00 Mill. €  ","1,90 m","Mar 28, 2006","Poland"
"12","Artur Boruc","15220","Keeper","989","AFC Bournemouth","right","1,00 Mill. €  ","1,93 m","Apr 28, 2004","Poland"
"15","Kamil Glik","46552","Centre Back","416","Torino FC","right","10,00 Mill. €  ","1,90 m","Jan 20, 2010","Poland"
"18","Bartosz Salamon","71019","Centre Back","1390","Cagliari Calcio","right","2,20 Mill. €  ","1,94 m","Mar 26, 2013","Poland"
"2","Michal Pazdan","54512","Centre Back","255","Legia Warszawa","both","1,70 Mill. €  ","1,81 m","Dec 15, 2007","Poland"
"4","Thiago Cionek","79510","Centre Back","458","US Palermo","right","900 Th. €  ","1,84 m","May 13, 2014","Poland"
"14","Jakub Wawrzyniak","35075","Left-Back","4000","Lechia Gdansk","left","350 Th. €  ","1,88 m","Dec 6, 2006","Poland"
"20","Lukasz Piszczek","25727","Right-Back","16","Borussia Dortmund","right","6,00 Mill. €  ","1,84 m","Feb 3, 2007","Poland"
"3","Artur Jedrzejczyk","42401","Right-Back","255","Legia Warszawa","right","2,70 Mill. €  ","1,89 m","Jul 26, 2010","Poland"
"10","Grzegorz Krychowiak","45184","Defensive Midfield","368","Sevilla FC","right","30,00 Mill. €  ","1,86 m","Dec 14, 2008","Poland"
"6","Tomasz Jodlowiec","27261","Defensive Midfield","255","Legia Warszawa","right","1,50 Mill. €  ","1,89 m","Oct 11, 2008","Poland"
"19","Piotr Zielinski","181136","Central Midfield","749","FC Empoli","right","12,00 Mill. €  ","1,80 m","Jun 4, 2013","Poland"
"8","Karol Linetty","225873","Central Midfield","238","Lech Poznan","right","3,20 Mill. €  ","1,76 m","Jan 18, 2014","Poland"
"5","Krzysztof Maczynski","51337","Central Midfield","422","Wisla Kraków","right","1,00 Mill. €  ","1,75 m","Nov 15, 2013","Poland"
"23","Filip Starzynski","199301","Attacking Midfield","168","Zaglebie Lubin","right","1,00 Mill. €  ","1,84 m","Sep 7, 2014","Poland"
"21","Bartosz Kapustka","246579","Left Wing","5689","Cracovia Kraków","right","2,50 Mill. €  ","1,79 m","Sep 7, 2015","Poland"
"17","Slawomir Peszko","16956","Left Wing","4000","Lechia Gdansk","right","400 Th. €  ","1,73 m","Nov 19, 2008","Poland"
"16","Jakub Blaszczykowski","29835","Right Wing","430","ACF Fiorentina","right","7,00 Mill. €  ","1,76 m","Mar 28, 2006","Poland"
"11","Kamil Grosicki","37920","Right Wing","273","Stade Rennais FC","right","4,50 Mill. €  ","1,80 m","Feb 2, 2008","Poland"
"9","Robert Lewandowski","38253","Centre Forward","27","Bayern Munich","right","75,00 Mill. €  ","1,84 m","Sep 10, 2008","Poland"
"7","Arkadiusz Milik","191891","Centre Forward","610","Ajax Amsterdam","left","10,00 Mill. €  ","1,86 m","Oct 12, 2012","Poland"
"13","Mariusz Stepinski","210363","Centre Forward","318","Ruch Chorzow","right","1,50 Mill. €  ","1,83 m","Feb 2, 2013","Poland"
"1","Volkan Babacan","52261","Keeper","6890","Medipol Basaksehir","right","8,00 Mill. €  ","1,92 m","Oct 13, 2014","Turkey"
"12","Onur Kivrak","56747","Keeper","449","Trabzonspor","right","6,75 Mill. €  ","1,87 m","May 26, 2010","Turkey"
"23","Harun Tekin","85213","Keeper","20","Bursaspor","right","2,50 Mill. €  ","1,87 m","-","Turkey"
"15","Mehmet Topal","44402","Centre Back","36","Fenerbahce SK","both","10,00 Mill. €  ","1,87 m","Feb 6, 2008","Turkey"
"2","Semih Kaya","60709","Centre Back","141","Galatasaray SK","right","5,75 Mill. €  ","1,82 m","Feb 29, 2012","Turkey"
"4","Ahmet Calik","182395","Centre Back","820","Genclerbirligi Ankara","right","5,00 Mill. €  ","1,84 m","Nov 17, 2015","Turkey"
"3","Hakan Balta","29494","Centre Back","141","Galatasaray SK","left","1,00 Mill. €  ","1,84 m","Apr 12, 2006","Turkey"
"18","Caner Erkin","39333","Left-Back","36","Fenerbahce SK","left","9,00 Mill. €  ","1,79 m","May 26, 2006","Turkey"
"13","Ismail Köybasi","74641","Left-Back","114","Besiktas JK","left","5,00 Mill. €  ","1,77 m","Aug 12, 2009","Turkey"
"7","Gökhan Gönül","33793","Right-Back","36","Fenerbahce SK","right","6,00 Mill. €  ","1,75 m","Nov 17, 2007","Turkey"
"22","Sener Özbayrakli","169873","Right-Back","36","Fenerbahce SK","right","5,00 Mill. €  ","1,81 m","Mar 31, 2015","Turkey"
"16","Ozan Tufan","236471","Defensive Midfield","36","Fenerbahce SK","right","7,00 Mill. €  ","1,82 m","May 25, 2014","Turkey"
"14","Oguzhan Özyakup","77966","Central Midfield","114","Besiktas JK","both","14,00 Mill. €  ","1,80 m","May 28, 2013","Turkey"
"5","Nuri Sahin","31095","Central Midfield","16","Borussia Dortmund","left","6,50 Mill. €  ","1,80 m","Oct 8, 2005","Turkey"
"8","Selcuk Inan","35026","Central Midfield","141","Galatasaray SK","right","6,00 Mill. €  ","1,85 m","Oct 13, 2007","Turkey"
"10","Arda Turan","21369","Attacking Midfield","131","FC Barcelona","both","30,00 Mill. €  ","1,77 m","Aug 16, 2006","Turkey"
"6","Hakan Calhanoglu","126414","Attacking Midfield","15","Bayer 04 Leverkusen","right","18,00 Mill. €  ","1,78 m","Sep 6, 2013","Turkey"
"19","Yunus Malli","85352","Attacking Midfield","39","1.FSV Mainz 05","right","10,00 Mill. €  ","1,79 m","Nov 13, 2015","Turkey"
"11","Olcay Sahan","36200","Left Wing","114","Besiktas JK","right","5,50 Mill. €  ","1,79 m","Mar 22, 2013","Turkey"
"20","Volkan Sen","56386","Left Wing","36","Fenerbahce SK","right","7,50 Mill. €  ","1,74 m","Mar 3, 2010","Turkey"
"21","Emre Mor","283223","Right Wing","2778","FC Nordsjaelland","left","1,00 Mill. €  ","1,68 m","May 29, 2016","Turkey"
"9","Cenk Tosun","45671","Centre Forward","114","Besiktas JK","right","8,00 Mill. €  ","1,83 m","Oct 15, 2013","Turkey"
"17","Burak Yilmaz","34987","Centre Forward","3176","Beijing Guoan","both","5,00 Mill. €  ","1,88 m","Apr 12, 2006","Turkey"
"1","Yann Sommer","42205","Keeper","18","Borussia Mönchengladbach","right","10,00 Mill. €  ","1,83 m","May 30, 2012","Switzerland"
"21","Roman Bürki","59027","Keeper","16","Borussia Dortmund","right","6,00 Mill. €  ","1,87 m","Nov 18, 2014","Switzerland"
"12","Marwin Hitz","59238","Keeper","167","FC Augsburg","right","4,50 Mill. €  ","1,93 m","Jun 10, 2015","Switzerland"
"4","Nico Elvedi","192635","Centre Back","18","Borussia Mönchengladbach","right","4,00 Mill. €  ","1,88 m","May 28, 2016","Switzerland"
"22","Fabian Schär","135343","Centre Back","533","TSG 1899 Hoffenheim","right","4,00 Mill. €  ","1,86 m","Aug 14, 2013","Switzerland"
"20","Johan Djourou","34561","Centre Back","41","Hamburger SV","right","3,50 Mill. €  ","1,91 m","Mar 1, 2006","Switzerland"
"5","Steve von Bergen","4793","Centre Back","452","BSC Young Boys","right","1,00 Mill. €  ","1,82 m","Sep 6, 2006","Switzerland"
"13","Ricardo Rodríguez","86784","Left-Back","82","VfL Wolfsburg","left","25,00 Mill. €  ","1,80 m","Oct 7, 2011","Switzerland"
"3","François Moubandje","123021","Left-Back","415","FC Toulouse","left","1,50 Mill. €  ","1,80 m","Nov 15, 2014","Switzerland"
"2","Stephan Lichtsteiner","2865","Right-Back","506","Juventus FC","right","6,00 Mill. €  ","1,82 m","Nov 15, 2006","Switzerland"
"6","Michael Lang","51346","Right-Back","26","FC Basel 1893","right","4,25 Mill. €  ","1,85 m","Aug 14, 2013","Switzerland"
"14","Denis Zakaria","334526","Defensive Midfield","452","BSC Young Boys","right","4,00 Mill. €  ","1,91 m","May 28, 2016","Switzerland"
"16","Gelson Fernandes","20081","Defensive Midfield","273","Stade Rennais FC","right","3,00 Mill. €  ","1,79 m","Aug 22, 2007","Switzerland"
"11","Valon Behrami","21905","Defensive Midfield","1010","Watford FC","right","2,50 Mill. €  ","1,84 m","Oct 8, 2005","Switzerland"
"10","Granit Xhaka","111455","Central Midfield","18","Borussia Mönchengladbach","left","35,00 Mill. €  ","1,85 m","Jun 4, 2011","Switzerland"
"15","Blerim Dzemaili","9967","Central Midfield","252","Genoa CFC","right","3,50 Mill. €  ","1,79 m","Mar 1, 2006","Switzerland"
"8","Fabian Frei","52595","Central Midfield","39","1.FSV Mainz 05","right","3,00 Mill. €  ","1,83 m","Oct 7, 2011","Switzerland"
"23","Xherdan Shaqiri","86792","Right Wing","512","Stoke City","left","15,00 Mill. €  ","1,70 m","Mar 3, 2010","Switzerland"
"18","Admir Mehmedi","66058","Left Wing","15","Bayer 04 Leverkusen","right","5,00 Mill. €  ","1,83 m","Jun 4, 2011","Switzerland"
"17","Shani Tarashaj","184381","Secondary Striker","504","Grasshopper Club","right","4,00 Mill. €  ","1,76 m","Mar 25, 2016","Switzerland"
"7","Breel Embolo","237662","Centre Forward","26","FC Basel 1893","right","20,00 Mill. €  ","1,85 m","Mar 31, 2015","Switzerland"
"9","Haris Seferovic","109256","Centre Forward","24","Eintracht Frankfurt","left","5,50 Mill. €  ","1,85 m","Feb 6, 2013","Switzerland"
"19","Eren Derdiyok","47543","Centre Forward","10484","Kasimpasa","right","4,60 Mill. €  ","1,91 m","Jan 24, 2008","Switzerland"
"1","Wayne Hennessey","45494","Keeper","873","Crystal Palace","right","3,50 Mill. €  ","1,97 m","May 26, 2007","Wales"
"21","Danny Ward","203026","Keeper","31","Liverpool FC","right","1,50 Mill. €  ","1,91 m","Mar 24, 2016","Wales"
"12","Owain Fôn Williams","48954","Keeper","2451","Inverness Caledonian Thistle FC","-","250 Th. €  ","1,93 m","Nov 13, 2015","Wales"
"6","Ashley Williams","67355","Centre Back","2288","Swansea City","right","6,50 Mill. €  ","1,83 m","Mar 26, 2008","Wales"
"5","James Chester","73482","Centre Back","984","West Bromwich Albion","right","5,00 Mill. €  ","1,77 m","Jun 4, 2014","Wales"
"19","James Collins","12691","Centre Back","379","West Ham United","right","2,00 Mill. €  ","1,88 m","May 27, 2004","Wales"
"4","Ben Davies","192765","Left-Back","148","Tottenham Hotspur","left","8,00 Mill. €  ","1,81 m","Oct 12, 2012","Wales"
"3","Neil Taylor","67416","Left-Back","2288","Swansea City","left","5,00 Mill. €  ","1,76 m","May 23, 2010","Wales"
"2","Chris Gunter","43853","Right-Back","1032","Reading FC","right","2,50 Mill. €  ","1,80 m","May 26, 2007","Wales"
"15","Jazz Richards","120241","Right-Back","931","Fulham FC","right","750 Th. €  ","1,74 m","May 27, 2012","Wales"
"22","David Vaughan","14178","Defensive Midfield","703","Nottingham Forest","left","1,25 Mill. €  ","1,71 m","May 26, 2003","Wales"
"10","Aaron Ramsey","50057","Central Midfield","11","Arsenal FC","both","30,00 Mill. €  ","1,82 m","Nov 19, 2008","Wales"
"7","Joe Allen","51452","Central Midfield","31","Liverpool FC","right","8,00 Mill. €  ","1,68 m","May 29, 2009","Wales"
"8","Andy King","56872","Central Midfield","1003","Leicester City","right","3,50 Mill. €  ","1,83 m","May 29, 2009","Wales"
"16","Joe Ledley","34409","Central Midfield","873","Crystal Palace","left","3,50 Mill. €  ","1,83 m","Sep 7, 2005","Wales"
"14","David Edwards","54949","Attacking Midfield","543","Wolverhampton Wanderers","right","850 Th. €  ","1,83 m","Nov 17, 2007","Wales"
"20","Jonathan Williams","170322","Attacking Midfield","873","Crystal Palace","left","750 Th. €  ","1,68 m","Mar 22, 2013","Wales"
"13","George Williams","136368","Attacking Midfield","931","Fulham FC","left","500 Th. €  ","1,72 m","Jun 4, 2014","Wales"
"17","David Cotterill","40207","Right Wing","337","Birmingham City","right","750 Th. €  ","1,75 m","Oct 12, 2005","Wales"
"9","Hal Robson-Kanu","65976","Left Wing","1032","Reading FC","left","2,00 Mill. €  ","1,83 m","May 23, 2010","Wales"
"11","Gareth Bale","39381","Right Wing","418","Real Madrid","left","80,00 Mill. €  ","1,83 m","May 27, 2006","Wales"
"18","Sam Vokes","48078","Centre Forward","1132","Burnley FC","right","3,50 Mill. €  ","1,86 m","May 28, 2008","Wales"
"23","Simon Church","66959","Centre Forward","991","Milton Keynes Dons","right","500 Th. €  ","1,83 m","May 29, 2009","Wales"
"1","Igor Akinfeev","15570","Keeper","2410","CSKA Moscow","right","14,00 Mill. €  ","1,86 m","Apr 28, 2004","Russia"
"12","Yuri Lodygin","126360","Keeper","964","Zenit St. Petersburg","right","8,00 Mill. €  ","1,87 m","Nov 19, 2013","Russia"
"16","Guilherme","55369","Keeper","932","Lokomotiv Moscow","right","6,00 Mill. €  ","1,97 m","Mar 26, 2016","Russia"
"5","Roman Neustädter","40478","Centre Back","33","FC Schalke 04","right","7,00 Mill. €  ","1,90 m","Jun 1, 2016","Russia"
"14","Vasili Berezutski","15362","Centre Back","2410","CSKA Moscow","right","3,00 Mill. €  ","1,89 m","Jun 7, 2003","Russia"
"6","Aleksey Berezutski","15363","Centre Back","2410","CSKA Moscow","both","1,00 Mill. €  ","1,90 m","Feb 12, 2003","Russia"
"4","Sergey Ignashevich","9644","Centre Back","2410","CSKA Moscow","right","200 Th. €  ","1,86 m","Aug 21, 2002","Russia"
"21","Georgi Schennikov","70097","Left-Back","2410","CSKA Moscow","left","4,00 Mill. €  ","1,80 m","Aug 15, 2012","Russia"
"3","Igor Smolnikov","46635","Right-Back","964","Zenit St. Petersburg","right","12,00 Mill. €  ","1,78 m","Nov 19, 2013","Russia"
"2","Roman Shishkin","28937","Right-Back","932","Lokomotiv Moscow","right","3,00 Mill. €  ","1,77 m","Mar 24, 2007","Russia"
"17","Oleg Shatov","59187","Central Midfield","964","Zenit St. Petersburg","right","14,00 Mill. €  ","1,73 m","Feb 6, 2013","Russia"
"11","Pavel Mamaev","38802","Central Midfield","16704","FK Krasnodar","both","12,00 Mill. €  ","1,80 m","Nov 17, 2010","Russia"
"8","Denis Glushakov","55336","Central Midfield","232","Spartak Moscow","both","5,00 Mill. €  ","1,82 m","Mar 29, 2011","Russia"
"7","Artur Yusupov","97541","Central Midfield","964","Zenit St. Petersburg","right","4,00 Mill. €  ","1,81 m","Nov 17, 2015","Russia"
"15","Roman Shirokov","48550","Central Midfield","2410","CSKA Moscow","right","1,00 Mill. €  ","1,84 m","Mar 26, 2008","Russia"
"19","Aleksandr Samedov","15076","Right Midfield","932","Lokomotiv Moscow","right","4,00 Mill. €  ","1,78 m","Oct 7, 2011","Russia"
"23","Dmitri Kombarov","38782","Left Midfield","232","Spartak Moscow","left","5,00 Mill. €  ","1,82 m","Feb 29, 2012","Russia"
"18","Oleg Ivanov","16756","Attacking Midfield","3725","Terek Grozny","right","4,00 Mill. €  ","1,92 m","Jun 7, 2015","Russia"
"13","Aleksandr Golovin","263918","Attacking Midfield","2410","CSKA Moscow","right","3,00 Mill. €  ","1,80 m","Jun 7, 2015","Russia"
"20","Dmitri Torbinski","15083","Left Wing","16704","FK Krasnodar","left","1,00 Mill. €  ","1,75 m","Mar 24, 2007","Russia"
"22","Artem Dzyuba","48067","Centre Forward","964","Zenit St. Petersburg","right","10,00 Mill. €  ","1,96 m","Nov 11, 2011","Russia"
"10","Fedor Smolov","50355","Centre Forward","16704","FK Krasnodar","right","8,00 Mill. €  ","1,87 m","Nov 14, 2012","Russia"
"9","Aleksandr Kokorin","89086","Centre Forward","964","Zenit St. Petersburg","right","7,00 Mill. €  ","1,83 m","Nov 11, 2011","Russia"
"23","Ramazan Özcan","16498","Keeper","4795","FC Ingolstadt 04","left","1,25 Mill. €  ","1,87 m","Aug 20, 2008","Austria"
"1","Robert Almer","2950","Keeper","14","Austria Vienna","left","1,00 Mill. €  ","1,94 m","Nov 15, 2011","Austria"
"12","Heinz Lindner","59082","Keeper","24","Eintracht Frankfurt","right","1,00 Mill. €  ","1,87 m","Jun 1, 2012","Austria"
"3","Aleksandar Dragovic","59032","Centre Back","338","Dynamo Kyiv","both","15,00 Mill. €  ","1,86 m","Jun 6, 2009","Austria"
"16","Kevin Wimmer","122675","Centre Back","148","Tottenham Hotspur","left","7,00 Mill. €  ","1,87 m","Nov 19, 2013","Austria"
"4","Martin Hinteregger","85789","Centre Back","18","Borussia Mönchengladbach","left","6,00 Mill. €  ","1,84 m","Nov 19, 2013","Austria"
"15","Sebastian Prödl","37981","Centre Back","1010","Watford FC","right","4,00 Mill. €  ","1,94 m","May 30, 2007","Austria"
"8","David Alaba","59016","Left-Back","27","Bayern Munich","left","45,00 Mill. €  ","1,80 m","Oct 14, 2009","Austria"
"5","Christian Fuchs","6636","Left-Back","1003","Leicester City","left","6,00 Mill. €  ","1,86 m","May 23, 2006","Austria"
"13","Markus Suttner","31514","Left-Back","4795","FC Ingolstadt 04","left","1,50 Mill. €  ","1,79 m","Feb 29, 2012","Austria"
"17","Florian Klein","20276","Right-Back","79","VfB Stuttgart","right","1,50 Mill. €  ","1,82 m","May 19, 2010","Austria"
"2","György Garics","2926","Right-Back","105","SV Darmstadt 98","right","750 Th. €  ","1,83 m","Oct 6, 2006","Austria"
"14","Julian Baumgartlinger","34787","Defensive Midfield","39","1.FSV Mainz 05","right","6,00 Mill. €  ","1,83 m","Sep 9, 2009","Austria"
"6","Stefan Ilsanker","40074","Defensive Midfield","23826","RasenBallsport Leipzig","right","2,00 Mill. €  ","1,89 m","May 30, 2014","Austria"
"10","Zlatko Junuzovic","31007","Central Midfield","86","SV Werder Bremen","right","7,00 Mill. €  ","1,72 m","Mar 1, 2006","Austria"
"22","Jakob Jantscher","52269","Left Midfield","434","FC Luzern","both","1,50 Mill. €  ","1,81 m","Jun 6, 2009","Austria"
"18","Alessandro Schöpf","118397","Attacking Midfield","33","FC Schalke 04","right","5,00 Mill. €  ","1,78 m","Mar 26, 2016","Austria"
"7","Marko Arnautovic","41384","Left Wing","512","Stoke City","both","10,00 Mill. €  ","1,93 m","Oct 11, 2008","Austria"
"11","Martin Harnik","31159","Right Wing","79","VfB Stuttgart","right","2,50 Mill. €  ","1,85 m","Aug 22, 2007","Austria"
"20","Marcel Sabitzer","106987","Secondary Striker","23826","RasenBallsport Leipzig","right","4,00 Mill. €  ","1,77 m","Jun 5, 2012","Austria"
"19","Lukas Hinterseer","59054","Centre Forward","4795","FC Ingolstadt 04","right","2,00 Mill. €  ","1,92 m","Nov 19, 2013","Austria"
"21","Marc Janko","8073","Centre Forward","26","FC Basel 1893","left","1,75 Mill. €  ","1,96 m","May 23, 2006","Austria"
"9","Rubin Okotie","31493","Centre Forward","72","TSV 1860 Munich","both","1,20 Mill. €  ","1,88 m","Nov 19, 2008","Austria"
"12","Andriy Pyatov","39996","Keeper","660","Shakhtar Donetsk","right","4,00 Mill. €  ","1,90 m","Aug 22, 2007","Ukraine"
"1","Denys Boyko","91931","Keeper","114","Besiktas JK","right","2,50 Mill. €  ","1,94 m","Nov 18, 2014","Ukraine"
"23","Mykyta Shevchenko","80312","Keeper","10690","Zorya Lugansk","right","2,50 Mill. €  ","1,87 m","-","Ukraine"
"20","Yaroslav Rakitsky","89222","Centre Back","660","Shakhtar Donetsk","left","10,00 Mill. €  ","1,84 m","Oct 10, 2009","Ukraine"
"3","Evgen Khacheridi","69004","Centre Back","338","Dynamo Kyiv","right","8,50 Mill. €  ","1,98 m","Oct 10, 2009","Ukraine"
"5","Oleksandr Kucher","44357","Centre Back","660","Shakhtar Donetsk","right","1,20 Mill. €  ","1,84 m","Aug 15, 2006","Ukraine"
"13","Vyacheslav Shevchuk","25820","Left-Back","660","Shakhtar Donetsk","both","200 Th. €  ","1,84 m","Apr 30, 2003","Ukraine"
"17","Artem Fedetsky","58000","Right-Back","339","Dnipro Dnipropetrovsk","right","2,50 Mill. €  ","1,83 m","May 25, 2010","Ukraine"
"2","Bogdan Butko","94922","Right-Back","4128","Amkar Perm","right","2,00 Mill. €  ","1,82 m","Sep 2, 2011","Ukraine"
"6","Taras Stepanenko","59970","Defensive Midfield","660","Shakhtar Donetsk","left","8,00 Mill. €  ","1,81 m","Nov 17, 2010","Ukraine"
"18","Sergiy Rybalka","81649","Defensive Midfield","338","Dynamo Kyiv","right","4,50 Mill. €  ","1,76 m","Mar 31, 2015","Ukraine"
"4","Anatoliy Tymoshchuk","14944","Defensive Midfield","10482","Kairat Almaty","right","200 Th. €  ","1,81 m","Apr 26, 2000","Ukraine"
"19","Denys Garmash","70754","Central Midfield","338","Dynamo Kyiv","right","5,00 Mill. €  ","1,86 m","Oct 7, 2011","Ukraine"
"16","Sergiy Sydorchuk","124182","Central Midfield","338","Dynamo Kyiv","right","4,50 Mill. €  ","1,88 m","Oct 9, 2014","Ukraine"
"14","Ruslan Rotan","24049","Central Midfield","339","Dnipro Dnipropetrovsk","both","1,00 Mill. €  ","1,76 m","Feb 12, 2003","Ukraine"
"22","Oleksandr Karavaev","59322","Right Midfield","10690","Zorya Lugansk","both","2,50 Mill. €  ","1,73 m","Oct 9, 2015","Ukraine"
"9","Viktor Kovalenko","203842","Attacking Midfield","660","Shakhtar Donetsk","right","4,50 Mill. €  ","1,82 m","Mar 24, 2016","Ukraine"
"21","Oleksandr Zinchenko","203853","Attacking Midfield","28095","FK Ufa","left","4,00 Mill. €  ","1,75 m","Oct 12, 2015","Ukraine"
"10","Evgen Konoplyanka","58949","Left Wing","368","Sevilla FC","right","25,00 Mill. €  ","1,76 m","May 25, 2010","Ukraine"
"7","Andriy Yarmolenko","69015","Right Wing","338","Dynamo Kyiv","left","22,00 Mill. €  ","1,89 m","Sep 5, 2009","Ukraine"
"8","Roman Zozulya","70767","Centre Forward","339","Dnipro Dnipropetrovsk","right","3,50 Mill. €  ","1,76 m","Jun 2, 2010","Ukraine"
"11","Evgen Seleznev","59908","Centre Forward","2439","Kuban Krasnodar","right","3,00 Mill. €  ","1,85 m","May 24, 2008","Ukraine"
"15","Pylyp Budkivsky","99863","Centre Forward","10690","Zorya Lugansk","right","2,50 Mill. €  ","1,96 m","Oct 9, 2014","Ukraine"
"12","Robin Olsen","75458","Keeper","190","FC Copenhagen","-","1,50 Mill. €  ","1,98 m","Jan 15, 2015","Sweden"
"1","Andreas Isaksson","6590","Keeper","10484","Kasimpasa","right","1,00 Mill. €  ","1,99 m","Mar 27, 2002","Sweden"
"23","Patrik Carlgren","190280","Keeper","272","AIK Solna","-","1,00 Mill. €  ","1,88 m","Jan 10, 2016","Sweden"
"14","Victor Lindelöf","184573","Centre Back","294","SL Benfica","right","8,00 Mill. €  ","1,87 m","Mar 24, 2016","Sweden"
"4","Andreas Granqvist","29213","Centre Back","16704","FK Krasnodar","right","7,00 Mill. €  ","1,92 m","Jan 23, 2006","Sweden"
"3","Erik Johansson","49147","Centre Back","190","FC Copenhagen","left","1,50 Mill. €  ","1,91 m","Jan 21, 2014","Sweden"
"13","Pontus Jansson","125314","Centre Back","416","Torino FC","right","1,30 Mill. €  ","1,94 m","Jan 18, 2012","Sweden"
"5","Martin Olsson","38073","Left-Back","1123","Norwich City","left","3,50 Mill. €  ","1,78 m","May 29, 2010","Sweden"
"17","Ludwig Augustinsson","170646","Left-Back","190","FC Copenhagen","left","3,50 Mill. €  ","1,81 m","Jan 15, 2015","Sweden"
"2","Mikael Lustig","36025","Right-Back","371","Celtic FC","right","3,50 Mill. €  ","1,89 m","Jan 19, 2008","Sweden"
"16","Pontus Wernbloom","36688","Defensive Midfield","2410","CSKA Moscow","right","10,00 Mill. €  ","1,86 m","Jan 18, 2007","Sweden"
"18","Oscar Lewicki","76051","Defensive Midfield","496","Malmö FF","both","1,70 Mill. €  ","1,73 m","Jan 17, 2014","Sweden"
"9","Kim Källström","3730","Defensive Midfield","504","Grasshopper Club","left","1,50 Mill. €  ","1,85 m","Feb 1, 2001","Sweden"
"8","Albin Ekdal","49275","Central Midfield","41","Hamburger SV","right","4,50 Mill. €  ","1,86 m","Aug 10, 2011","Sweden"
"15","Oscar Hiljemark","158810","Central Midfield","458","US Palermo","right","4,00 Mill. €  ","1,84 m","Jan 18, 2012","Sweden"
"7","Sebastian Larsson","31720","Central Midfield","289","Sunderland AFC","right","2,50 Mill. €  ","1,78 m","Feb 6, 2008","Sweden"
"6","Emil Forsberg","111078","Left Wing","23826","RasenBallsport Leipzig","right","5,00 Mill. €  ","1,79 m","Jan 17, 2014","Sweden"
"21","Jimmy Durmaz","80205","Left Wing","683","Olympiacos Piraeus","left","3,75 Mill. €  ","1,80 m","Feb 8, 2011","Sweden"
"22","Erkan Zengin","23674","Left Wing","449","Trabzonspor","right","2,60 Mill. €  ","1,80 m","Mar 26, 2013","Sweden"
"10","Zlatan Ibrahimovic","3455","Centre Forward","583","Paris Saint-Germain","both","15,00 Mill. €  ","1,95 m","Jan 31, 2001","Sweden"
"11","Marcus Berg","30418","Centre Forward","265","Panathinaikos Athens","right","5,00 Mill. €  ","1,84 m","Feb 6, 2008","Sweden"
"20","John Guidetti","98596","Centre Forward","940","Celta de Vigo","right","5,00 Mill. €  ","1,85 m","Feb 29, 2012","Sweden"
"19","Emir Kujovic","47199","Centre Forward","2844","IFK Norrköping","both","1,50 Mill. €  ","1,94 m","Jan 6, 2016","Sweden"
"1","Keiren Westwood","15164","Keeper","1035","Sheffield Wednesday","left","1,50 Mill. €  ","1,88 m","May 29, 2009","Republic of Ireland"
"23","Darren Randolph","51321","Keeper","379","West Ham United","right","1,00 Mill. €  ","1,87 m","Sep 11, 2012","Republic of Ireland"
"16","Shay Given","3146","Keeper","512","Stoke City","right","500 Th. €  ","1,85 m","Mar 27, 1996","Republic of Ireland"
"3","Ciaran Clark","98240","Centre Back","405","Aston Villa","left","4,50 Mill. €  ","1,88 m","Feb 8, 2011","Republic of Ireland"
"5","Richard Keogh","47983","Centre Back","22","Derby County","right","1,80 Mill. €  ","1,88 m","Feb 6, 2013","Republic of Ireland"
"12","Shane Duffy","119269","Centre Back","164","Blackburn Rovers","right","1,50 Mill. €  ","1,93 m","Jun 7, 2014","Republic of Ireland"
"4","John O'Shea","3540","Centre Back","289","Sunderland AFC","right","1,00 Mill. €  ","1,92 m","Aug 15, 2001","Republic of Ireland"
"19","Robbie Brady","128229","Left-Back","1123","Norwich City","left","6,00 Mill. €  ","1,76 m","Sep 11, 2012","Republic of Ireland"
"17","Stephen Ward","34691","Left-Back","1132","Burnley FC","left","1,00 Mill. €  ","1,84 m","May 24, 2011","Republic of Ireland"
"2","Seamus Coleman","68390","Right-Back","29","Everton FC","right","17,00 Mill. €  ","1,77 m","Feb 8, 2011","Republic of Ireland"
"15","Cyrus Christie","158623","Right-Back","22","Derby County","right","1,00 Mill. €  ","1,88 m","Nov 18, 2014","Republic of Ireland"
"6","Glenn Whelan","12124","Defensive Midfield","512","Stoke City","right","3,00 Mill. €  ","1,80 m","May 24, 2008","Republic of Ireland"
"8","James McCarthy","45333","Central Midfield","29","Everton FC","right","17,00 Mill. €  ","1,80 m","Mar 2, 2010","Republic of Ireland"
"18","David Meyler","68183","Central Midfield","3008","Hull City","right","2,50 Mill. €  ","1,89 m","Oct 16, 2012","Republic of Ireland"
"13","Jeff Hendrick","148262","Central Midfield","22","Derby County","right","1,50 Mill. €  ","1,85 m","Feb 6, 2013","Republic of Ireland"
"22","Stephen Quinn","43266","Central Midfield","1032","Reading FC","left","1,50 Mill. €  ","1,68 m","Jun 2, 2013","Republic of Ireland"
"20","Wesley Hoolahan","24589","Attacking Midfield","1123","Norwich City","left","2,00 Mill. €  ","1,68 m","May 29, 2008","Republic of Ireland"
"7","Aiden McGeady","21333","Right Wing","29","Everton FC","both","4,50 Mill. €  ","1,80 m","Jun 2, 2004","Republic of Ireland"
"11","James McClean","85935","Left Wing","984","West Bromwich Albion","left","3,00 Mill. €  ","1,80 m","Feb 29, 2012","Republic of Ireland"
"14","Jonathan Walters","3306","Right Wing","512","Stoke City","right","3,50 Mill. €  ","1,83 m","Nov 17, 2010","Republic of Ireland"
"9","Shane Long","37304","Centre Forward","180","Southampton FC","both","10,00 Mill. €  ","1,80 m","Feb 7, 2007","Republic of Ireland"
"10","Robbie Keane","3144","Centre Forward","1061","Los Angeles Galaxy","right","1,00 Mill. €  ","1,75 m","Mar 25, 1998","Republic of Ireland"
"21","Daryl Murphy","31312","Centre Forward","677","Ipswich Town","left","1,00 Mill. €  ","1,89 m","May 24, 2007","Republic of Ireland"
"23","Matús Kozácik","21053","Keeper","941","FC Viktoria Plzen","-","1,00 Mill. €  ","1,93 m","Dec 10, 2006","Slovakia"
"12","Ján Novota","50316","Keeper","170","Rapid Vienna","right","700 Th. €  ","1,99 m","May 23, 2014","Slovakia"
"1","Ján Mucha","33195","Keeper","540","Slovan Bratislava","right","500 Th. €  ","1,89 m","Feb 6, 2008","Slovakia"
"3","Martin Skrtel","24180","Centre Back","31","Liverpool FC","right","10,00 Mill. €  ","1,91 m","Jul 9, 2004","Slovakia"
"15","Tomas Hubocan","63252","Centre Back","121","Dinamo Moscow","both","4,50 Mill. €  ","1,83 m","Dec 11, 2006","Slovakia"
"5","Norbert Gyömber","205054","Centre Back","12","AS Roma","right","700 Th. €  ","1,89 m","Mar 5, 2014","Slovakia"
"14","Milan Skriniar","204069","Centre Back","1038","UC Sampdoria","left","600 Th. €  ","1,89 m","May 27, 2016","Slovakia"
"16","Kornel Salata","74725","Centre Back","540","Slovan Bratislava","right","500 Th. €  ","1,91 m","May 14, 2008","Slovakia"
"4","Jan Durica","34421","Centre Back","932","Lokomotiv Moscow","left","250 Th. €  ","1,88 m","Jul 9, 2004","Slovakia"
"2","Peter Pekarík","51100","Right-Back","44","Hertha BSC","right","2,50 Mill. €  ","1,76 m","Dec 10, 2006","Slovakia"
"22","Viktor Pecovsky","21361","Defensive Midfield","1443","MSK Zilina","right","350 Th. €  ","1,71 m","Aug 15, 2012","Slovakia"
"17","Marek Hamsik","38593","Central Midfield","6195","SSC Napoli","both","35,00 Mill. €  ","1,83 m","Feb 7, 2007","Slovakia"
"19","Juraj Kucka","74943","Central Midfield","5","AC Milan","right","8,00 Mill. €  ","1,86 m","Nov 19, 2008","Slovakia"
"13","Patrik Hrosovsky","217879","Central Midfield","941","FC Viktoria Plzen","right","2,00 Mill. €  ","1,72 m","Nov 18, 2014","Slovakia"
"6","Jan Gregus","112317","Central Midfield","1322","FK Jablonec","-","750 Th. €  ","1,89 m","Mar 31, 2015","Slovakia"
"8","Ondrej Duda","232418","Attacking Midfield","255","Legia Warszawa","right","3,20 Mill. €  ","1,81 m","Nov 18, 2014","Slovakia"
"20","Róbert Mak","92180","Left Wing","1091","PAOK Thessaloniki","right","3,00 Mill. €  ","1,79 m","Feb 6, 2013","Slovakia"
"18","Dusan Svento","34543","Left Wing","3","1. FC Köln","left","750 Th. €  ","1,78 m","Aug 15, 2006","Slovakia"
"10","Miroslav Stoch","45559","Left Wing","20","Bursaspor","right","4,50 Mill. €  ","1,67 m","Feb 10, 2009","Slovakia"
"7","Vladimír Weiss","92701","Left Wing","6297","Al-Gharafa Sports Club","right","2,80 Mill. €  ","1,73 m","Aug 12, 2009","Slovakia"
"21","Michal Duris","74872","Secondary Striker","941","FC Viktoria Plzen","right","2,00 Mill. €  ","1,83 m","Aug 15, 2012","Slovakia"
"9","Stanislav Sestak","28775","Centre Forward","279","Ferencváros Budapest","right","500 Th. €  ","1,79 m","Aug 18, 2004","Slovakia"
"11","Adam Nemec","55210","Centre Forward","403","Willem II Tilburg","both","300 Th. €  ","1,90 m","Dec 10, 2006","Slovakia"
"1","Petr Cech","5658","Keeper","11","Arsenal FC","left","12,00 Mill. €  ","1,96 m","Feb 12, 2002","Czech Republic"
"16","Tomás Vaclík","64000","Keeper","26","FC Basel 1893","right","4,00 Mill. €  ","1,89 m","Nov 14, 2012","Czech Republic"
"23","Tomas Koubek","146714","Keeper","697","FC Slovan Liberec","right","1,00 Mill. €  ","1,98 m","Mar 24, 2016","Czech Republic"
"17","Marek Suchy","34542","Centre Back","26","FC Basel 1893","right","4,50 Mill. €  ","1,83 m","Oct 8, 2010","Czech Republic"
"6","Tomás Sivok","26936","Centre Back","20","Bursaspor","right","2,00 Mill. €  ","1,85 m","Sep 3, 2005","Czech Republic"
"3","Michal Kadlec","21042","Centre Back","36","Fenerbahce SK","left","1,40 Mill. €  ","1,85 m","Nov 17, 2007","Czech Republic"
"5","Roman Hubník","24667","Centre Back","941","FC Viktoria Plzen","right","400 Th. €  ","1,92 m","Jun 5, 2009","Czech Republic"
"11","Daniel Pudil","35583","Left-Back","1010","Watford FC","left","1,50 Mill. €  ","1,84 m","Feb 7, 2007","Czech Republic"
"8","David Limbersky","16090","Left-Back","941","FC Viktoria Plzen","both","1,25 Mill. €  ","1,79 m","Jun 5, 2009","Czech Republic"
"2","Pavel Kaderábek","143798","Right-Back","533","TSG 1899 Hoffenheim","right","3,50 Mill. €  ","1,82 m","May 21, 2014","Czech Republic"
"4","Theodor Gebre Selassie","60632","Right-Back","86","SV Werder Bremen","right","2,75 Mill. €  ","1,81 m","Jun 4, 2011","Czech Republic"
"12","David Pavelka","133734","Central Midfield","10484","Kasimpasa","-","1,50 Mill. €  ","1,85 m","Sep 3, 2015","Czech Republic"
"13","Jaroslav Plasil","8885","Central Midfield","40","FC Girondins Bordeaux","right","1,00 Mill. €  ","1,82 m","Mar 31, 2004","Czech Republic"
"22","Vladimír Darida","179643","Attacking Midfield","44","Hertha BSC","both","10,00 Mill. €  ","1,71 m","May 26, 2012","Czech Republic"
"14","Daniel Kolar","43246","Attacking Midfield","941","FC Viktoria Plzen","right","1,50 Mill. €  ","1,80 m","Jun 5, 2009","Czech Republic"
"10","Tomás Rosicky","132","Attacking Midfield","11","Arsenal FC","both","1,00 Mill. €  ","1,79 m","Feb 23, 2000","Czech Republic"
"19","Ladislav Krejcí","140206","Left Wing","197","AC Sparta Praha","left","4,00 Mill. €  ","1,80 m","Nov 14, 2012","Czech Republic"
"9","Borek Dockal","62983","Right Wing","197","AC Sparta Praha","right","3,00 Mill. €  ","1,82 m","Nov 14, 2012","Czech Republic"
"20","Jirí Skalák","148734","Right Wing","1237","Brighton & Hove Albion","right","1,50 Mill. €  ","1,76 m","Sep 3, 2015","Czech Republic"
"18","Josef Sural","69978","Right Wing","197","AC Sparta Praha","right","1,75 Mill. €  ","1,84 m","Nov 15, 2013","Czech Republic"
"7","Tomas Necid","39665","Centre Forward","20","Bursaspor","right","4,50 Mill. €  ","1,91 m","Nov 19, 2008","Czech Republic"
"21","David Lafata","5077","Centre Forward","197","AC Sparta Praha","right","1,00 Mill. €  ","1,80 m","Sep 2, 2006","Czech Republic"
"15","Milan Skoda","63047","Centre Forward","62","SK Slavia Prag","right","900 Th. €  ","1,90 m","Jun 12, 2015","Czech Republic"
"12","Ciprian Tatarusanu","55282","Keeper","430","ACF Fiorentina","both","5,00 Mill. €  ","1,98 m","Nov 17, 2010","Romania"
"1","Costel Pantilimon","47659","Keeper","1010","Watford FC","right","4,50 Mill. €  ","2,02 m","Nov 19, 2008","Romania"
"23","Silviu Lung Jr.","73731","Keeper","13499","Astra Giurgiu","right","2,50 Mill. €  ","1,89 m","Jun 5, 2010","Romania"
"6","Vlad Chiriches","123261","Centre Back","6195","SSC Napoli","right","5,50 Mill. €  ","1,84 m","Aug 10, 2011","Romania"
"15","Valerica Gaman","47576","Centre Back","13499","Astra Giurgiu","right","2,20 Mill. €  ","1,88 m","Nov 11, 2011","Romania"
"21","Dragos Grigore","95182","Centre Back","4630","Al-Sailiya Sport Club","right","1,50 Mill. €  ","1,85 m","Feb 9, 2011","Romania"
"4","Cosmin Moti","26675","Centre Back","31614","PFK Ludogorets Razgrad","right","1,25 Mill. €  ","1,83 m","Feb 6, 2008","Romania"
"16","Steliano Filip","181501","Left-Back","312","Dinamo Bukarest","left","1,25 Mill. €  ","1,77 m","Feb 7, 2015","Romania"
"3","Razvan Rat","14940","Left-Back","367","Rayo Vallecano","left","500 Th. €  ","1,79 m","Feb 13, 2002","Romania"
"2","Alexandru Matel","48767","Right-Back","419","GNK Dinamo Zagreb","right","1,00 Mill. €  ","1,77 m","Sep 2, 2011","Romania"
"22","Cristian Sapunaru","25942","Right-Back","8715","Pandurii Targu Jiu ","right","1,00 Mill. €  ","1,87 m","May 31, 2008","Romania"
"8","Mihai Pintilii","48890","Defensive Midfield","301","Steaua Bucharest","right","1,00 Mill. €  ","1,81 m","Aug 10, 2011","Romania"
"5","Ovidiu Hoban","81484","Defensive Midfield","2976","Hapoel Beer Sheva","right","800 Th. €  ","1,82 m","Jun 4, 2013","Romania"
"18","Andrei Prepelita","37933","Central Midfield","31614","PFK Ludogorets Razgrad","both","1,90 Mill. €  ","1,78 m","Sep 7, 2014","Romania"
"17","Lucian Sanmartean","9733","Central Midfield","8023","Al-Ittihad Jeddah","right","300 Th. €  ","1,76 m","Nov 20, 2002","Romania"
"10","Nicolae Stanciu","148372","Attacking Midfield","301","Steaua Bucharest","right","3,50 Mill. €  ","1,70 m","Mar 23, 2016","Romania"
"20","Adrian Popa","104062","Right Wing","301","Steaua Bucharest","right","2,00 Mill. €  ","1,70 m","Oct 16, 2012","Romania"
"7","Alexandru Chipciu","64126","Left Wing","301","Steaua Bucharest","right","2,00 Mill. €  ","1,76 m","Aug 10, 2011","Romania"
"11","Gabriel Torje","47184","Right Wing","2944","Osmanlispor FK","both","4,00 Mill. €  ","1,67 m","Sep 3, 2010","Romania"
"13","Claudiu Keserü","25115","Centre Forward","31614","PFK Ludogorets Razgrad","left","4,00 Mill. €  ","1,80 m","Oct 11, 2013","Romania"
"19","Bogdan Stancu","46658","Centre Forward","820","Genclerbirligi Ankara","right","4,00 Mill. €  ","1,83 m","Aug 11, 2010","Romania"
"9","Denis Alibec","81396","Centre Forward","13499","Astra Giurgiu","left","2,50 Mill. €  ","1,87 m","Feb 2, 2013","Romania"
"14","Florin Andone","177065","Centre Forward","993","Córdoba CF","right","2,50 Mill. €  ","1,82 m","Jun 13, 2015","Romania"
"1","Etrit Berisha","77825","Keeper","398","SS Lazio","left","4,00 Mill. €  ","1,94 m","May 27, 2012","Albania"
"23","Alban Hoxha","60388","Keeper","4040","FK Partizani Tiranë","right","575 Th. €  ","1,88 m","Nov 16, 2015","Albania"
"12","Orges Shehi","60340","Keeper","12469","KF Skënderbeu Korçë","-","125 Th. €  ","1,82 m","Feb 29, 2012","Albania"
"15","Mergim Mavraj","38267","Centre Back","3","1. FC Köln","left","1,75 Mill. €  ","1,89 m","May 22, 2012","Albania"
"18","Arlind Ajeti","159288","Centre Back","8970","Frosinone Calcio","right","1,50 Mill. €  ","1,84 m","Nov 14, 2014","Albania"
"5","Lorik Cana","12149","Centre Back","995","FC Nantes","right","1,00 Mill. €  ","1,86 m","Jun 11, 2003","Albania"
"3","Ermir Lenjani","66052","Left-Back","995","FC Nantes","left","1,25 Mill. €  ","1,75 m","Nov 15, 2013","Albania"
"17","Naser Aliji","172982","Left-Back","26","FC Basel 1893","left","700 Th. €  ","1,77 m","Jun 13, 2015","Albania"
"7","Ansi Agolli","32749","Left-Back","10625","Qarabag Agdam","both","300 Th. €  ","1,79 m","Sep 3, 2005","Albania"
"4","Elseid Hysaj","200056","Right-Back","6195","SSC Napoli","right","12,00 Mill. €  ","1,82 m","Feb 6, 2013","Albania"
"6","Frédéric Veseli","111433","Right-Back","2790","FC Lugano","right","800 Th. €  ","1,83 m","Nov 16, 2015","Albania"
"14","Taulant Xhaka","113125","Defensive Midfield","26","FC Basel 1893","right","4,00 Mill. €  ","1,75 m","Sep 7, 2014","Albania"
"20","Ergys Kace","173405","Defensive Midfield","1091","PAOK Thessaloniki","right","3,00 Mill. €  ","1,70 m","Jun 7, 2013","Albania"
"22","Amir Abrashi","66005","Defensive Midfield","60","SC Freiburg","right","2,50 Mill. €  ","1,72 m","Aug 14, 2013","Albania"
"8","Migjen Basha","33042","Defensive Midfield","1047","Calcio Como","right","800 Th. €  ","1,80 m","Mar 22, 2013","Albania"
"2","Andi Lila","47435","Defensive Midfield","2671","PAS Giannina","right","700 Th. €  ","1,86 m","Nov 21, 2007","Albania"
"13","Burim Kukeli","65418","Defensive Midfield","260","FC Zürich","left","500 Th. €  ","1,80 m","Sep 7, 2012","Albania"
"9","Ledian Memushaj","139634","Central Midfield","2921","Delfino Pescara 1936","right","2,00 Mill. €  ","1,75 m","Nov 17, 2010","Albania"
"21","Odise Roshi","99003","Right Wing","144","HNK Rijeka","right","350 Th. €  ","1,87 m","Oct 7, 2011","Albania"
"11","Shkelzen Gashi","32704","Left Wing","1247","Colorado Rapids","left","2,75 Mill. €  ","1,82 m","Aug 14, 2013","Albania"
"16","Sokol Cikalleshi","99047","Centre Forward","6890","Medipol Basaksehir","right","2,80 Mill. €  ","1,85 m","May 31, 2014","Albania"
"19","Bekim Balaj","99137","Centre Forward","144","HNK Rijeka","right","2,00 Mill. €  ","1,86 m","Nov 14, 2012","Albania"
"10","Armando Sadiku","140082","Centre Forward","163","FC Vaduz","right","750 Th. €  ","1,86 m","Feb 29, 2012","Albania"
"12","Ögmundur Kristinsson","103444","Keeper","1059","Hammarby IF","right","500 Th. €  ","1,93 m","Jun 4, 2014","Iceland"
"1","Hannes Thór Halldórsson","103440","Keeper","501","FK Bodø/Glimt","right","400 Th. €  ","1,93 m","Sep 6, 2011","Iceland"
"13","Ingvar Jónsson","110581","Keeper","6399","Sandefjord Fotball","right","200 Th. €  ","1,89 m","Nov 12, 2014","Iceland"
"6","Ragnar Sigurdsson","46478","Centre Back","16704","FK Krasnodar","right","6,00 Mill. €  ","1,87 m","Aug 22, 2007","Iceland"
"5","Sverrir Ingi Ingason","137648","Centre Back","498","KSC Lokeren","right","1,00 Mill. €  ","1,88 m","Jan 21, 2014","Iceland"
"19","Hördur Magnússon","130353","Centre Back","1429","AC Cesena","left","600 Th. €  ","1,90 m","Nov 12, 2014","Iceland"
"14","Kári Arnason","30338","Centre Back","496","Malmö FF","right","500 Th. €  ","1,90 m","Mar 30, 2005","Iceland"
"4","Hjörtur Hermannsson","187147","Centre Back","801","IFK Göteborg","right","300 Th. €  ","1,89 m","Jan 31, 2016","Iceland"
"23","Ari Freyr Skúlason","42948","Left-Back","173","Odense Boldklub","both","700 Th. €  ","1,70 m","Nov 10, 2009","Iceland"
"3","Haukur Heidar Hauksson","117079","Right-Back","272","AIK Solna","right","700 Th. €  ","1,87 m","Jan 19, 2015","Iceland"
"2","Birkir Már Saevarsson","51188","Right-Back","1059","Hammarby IF","right","500 Th. €  ","1,87 m","Jun 2, 2007","Iceland"
"16","Rúnar Már Sigurjónsson","90008","Defensive Midfield","2843","GIF Sundsvall","right","750 Th. €  ","1,78 m","Nov 14, 2012","Iceland"
"17","Aron Gunnarsson","63821","Central Midfield","603","Cardiff City","right","2,50 Mill. €  ","1,77 m","Feb 2, 2008","Iceland"
"20","Emil Hallfredsson","22673","Central Midfield","410","Udinese Calcio","left","2,00 Mill. €  ","1,85 m","Mar 30, 2005","Iceland"
"8","Birkir Bjarnason","34453","Right Midfield","26","FC Basel 1893","right","2,50 Mill. €  ","1,84 m","May 29, 2010","Iceland"
"21","Arnór Ingvi Traustason","153237","Left Midfield","2844","IFK Norrköping","right","1,25 Mill. €  ","1,82 m","Nov 13, 2015","Iceland"
"18","Elmar Bjarnason","29390","Left Midfield","678","Aarhus GF","both","600 Th. €  ","1,82 m","Jun 2, 2007","Iceland"
"10","Gylfi Sigurdsson","90466","Attacking Midfield","2288","Swansea City","right","13,00 Mill. €  ","1,86 m","May 29, 2010","Iceland"
"7","Johann Berg Gudmundsson","89231","Right Wing","358","Charlton Athletic","left","2,00 Mill. €  ","1,86 m","Aug 20, 2008","Iceland"
"11","Alfred Finnbogason","90024","Centre Forward","167","FC Augsburg","right","5,00 Mill. €  ","1,84 m","Mar 21, 2010","Iceland"
"9","Kolbeinn Sigthórsson","52246","Centre Forward","995","FC Nantes","right","2,75 Mill. €  ","1,85 m","Mar 21, 2010","Iceland"
"15","Jón Dadi Bödvarsson","114090","Centre Forward","2","1.FC Kaiserslautern","right","800 Th. €  ","1,90 m","Nov 14, 2012","Iceland"
"22","Eidur Gudjohnsen","3176","Centre Forward","687","Molde FK","right","200 Th. €  ","1,85 m","Apr 24, 1996","Iceland"
"1","Michael McGovern","29391","Keeper","2999","Hamilton Academical FC","right","500 Th. €  ","1,90 m","May 31, 2010","Northern Ireland"
"23","Alan Mannus","62855","Keeper","2578","St. Johnstone FC","right","450 Th. €  ","1,81 m","Jun 6, 2004","Northern Ireland"
"12","Roy Carroll","3534","Keeper","3471","Linfield FC","right","150 Th. €  ","1,89 m","May 21, 1997","Northern Ireland"
"5","Jonny Evans","42412","Centre Back","984","West Bromwich Albion","both","6,00 Mill. €  ","1,89 m","Sep 6, 2006","Northern Ireland"
"17","Patrick McNair","167268","Centre Back","985","Manchester United","right","4,50 Mill. €  ","1,84 m","Mar 25, 2015","Northern Ireland"
"20","Craig Cathcart","59606","Centre Back","1010","Watford FC","right","4,00 Mill. €  ","1,88 m","Sep 3, 2010","Northern Ireland"
"4","Gareth McAuley","40567","Centre Back","984","West Bromwich Albion","right","1,00 Mill. €  ","1,91 m","Jun 4, 2005","Northern Ireland"
"18","Aaron Hughes","3580","Centre Back","25580","Melbourne City FC","right","350 Th. €  ","1,83 m","Mar 25, 1998","Northern Ireland"
"15","Luke McCullough","174247","Centre Back","2454","Doncaster Rovers","right","250 Th. €  ","1,89 m","Jun 4, 2014","Northern Ireland"
"22","Lee Hodson","110356","Right-Back","991","Milton Keynes Dons","right","350 Th. €  ","1,74 m","Nov 17, 2010","Northern Ireland"
"2","Conor McLaughlin","128419","Right-Back","11177","Fleetwood Town","right","250 Th. €  ","1,83 m","Oct 11, 2011","Northern Ireland"
"6","Chris Baird","4115","Defensive Midfield","22","Derby County","right","500 Th. €  ","1,85 m","Jun 3, 2003","Northern Ireland"
"8","Steven Davis","28973","Central Midfield","180","Southampton FC","right","6,00 Mill. €  ","1,72 m","Feb 9, 2005","Northern Ireland"
"16","Oliver Norwood","73547","Central Midfield","1032","Reading FC","right","2,00 Mill. €  ","1,80 m","Aug 11, 2010","Northern Ireland"
"13","Corry Evans","73501","Central Midfield","164","Blackburn Rovers","right","1,25 Mill. €  ","1,80 m","Jun 6, 2009","Northern Ireland"
"14","Stuart Dallas","158764","Left Midfield","399","Leeds United","-","1,50 Mill. €  ","1,83 m","May 27, 2011","Northern Ireland"
"3","Shane Ferguson","62052","Left Midfield","1028","Millwall FC","left","750 Th. €  ","1,75 m","Jun 6, 2009","Northern Ireland"
"19","Jamie Ward","48692","Left Wing","703","Nottingham Forest","right","1,75 Mill. €  ","1,65 m","Aug 10, 2011","Northern Ireland"
"7","Niall McGinn","68321","Left Wing","370","Aberdeen FC","both","750 Th. €  ","1,83 m","Nov 19, 2008","Northern Ireland"
"10","Kyle Lafferty","36884","Centre Forward","1123","Norwich City","right","2,00 Mill. €  ","1,93 m","May 21, 2006","Northern Ireland"
"11","Conor Washington","249815","Centre Forward","1039","Queens Park Rangers","-","2,00 Mill. €  ","1,78 m","Mar 24, 2016","Northern Ireland"
"9","Will Grigg","106676","Centre Forward","1071","Wigan Athletic","right","1,50 Mill. €  ","1,80 m","Jun 2, 2012","Northern Ireland"
"21","Josh Magennis","63223","Centre Forward","2553","Kilmarnock FC","right","300 Th. €  ","1,88 m","May 26, 2010","Northern Ireland"
"12","Dénes Dibusz","162695","Keeper","279","Ferencváros Budapest","right","1,20 Mill. €  ","1,88 m","Oct 14, 2014","Hungary"
"22","Péter Gulácsi","57071","Keeper","23826","RasenBallsport Leipzig","right","700 Th. €  ","1,90 m","May 22, 2014","Hungary"
"1","Gábor Király","342","Keeper","649","Szombathelyi Haladás","left","250 Th. €  ","1,91 m","Mar 25, 1998","Hungary"
"23","Roland Juhász","33868","Centre Back","11107","Videoton FC","right","1,00 Mill. €  ","1,94 m","Apr 25, 2004","Hungary"
"2","Ádám Lang","168088","Centre Back","11107","Videoton FC","right","800 Th. €  ","1,88 m","May 22, 2014","Hungary"
"20","Richárd Guzmics","86116","Centre Back","422","Wisla Kraków","right","750 Th. €  ","1,90 m","Nov 14, 2012","Hungary"
"4","Tamás Kádár","64313","Left-Back","238","Lech Poznan","left","750 Th. €  ","1,88 m","Nov 17, 2010","Hungary"
"3","Mihály Korhut","105776","Left-Back","84","Debreceni VSC","left","650 Th. €  ","1,81 m","May 22, 2014","Hungary"
"5","Attila Fiola","108669","Right-Back","37169","Puskás Akadémia FC","right","750 Th. €  ","1,82 m","Oct 14, 2014","Hungary"
"21","Barnabás Bese","148809","Right-Back","634","MTK Budapest","right","600 Th. €  ","1,88 m","Jun 4, 2016","Hungary"
"8","Ádám Nagy","368559","Defensive Midfield","279","Ferencváros Budapest","both","1,50 Mill. €  ","1,75 m","Sep 7, 2015","Hungary"
"6","Ákos Elek","103533","Defensive Midfield","9241","Diósgyöri VTK","left","1,00 Mill. €  ","1,93 m","Jun 5, 2010","Hungary"
"16","Ádám Pintér","63209","Defensive Midfield","279","Ferencváros Budapest","right","750 Th. €  ","1,90 m","Oct 12, 2010","Hungary"
"15","László Kleinheisler","220656","Attacking Midfield","86","SV Werder Bremen","right","600 Th. €  ","1,73 m","Nov 12, 2015","Hungary"
"10","Zoltán Gera","18324","Attacking Midfield","279","Ferencváros Budapest","both","500 Th. €  ","1,83 m","Feb 13, 2002","Hungary"
"18","Zoltán Stieber","61591","Left Wing","4","1.FC Nuremberg","left","800 Th. €  ","1,75 m","Sep 2, 2011","Hungary"
"14","Gergő Lovrencsics","110746","Right Wing","238","Lech Poznan","right","650 Th. €  ","1,77 m","Jun 6, 2013","Hungary"
"7","Balázs Dzsudzsák","35004","Right Wing","20","Bursaspor","left","4,25 Mill. €  ","1,79 m","Jun 2, 2007","Hungary"
"17","Nemanja Nikolics","102281","Centre Forward","255","Legia Warszawa","both","3,50 Mill. €  ","1,80 m","Oct 11, 2013","Hungary"
"9","Ádám Szalai","39106","Centre Forward","42","Hannover 96","right","1,50 Mill. €  ","1,93 m","Feb 11, 2009","Hungary"
"11","Krisztián Németh","48262","Centre Forward","6297","Al-Gharafa Sports Club","right","1,40 Mill. €  ","1,80 m","May 29, 2010","Hungary"
"13","Dániel Böde","93492","Centre Forward","279","Ferencváros Budapest","right","800 Th. €  ","1,90 m","Feb 6, 2013","Hungary"
"19","Tamás Priskin","43716","Centre Forward","540","Slovan Bratislava","right","600 Th. €  ","1,89 m","Aug 17, 2005","Hungary"
