"jersey_no","name","tm_id","tm_position","date_of_birth","age","tm_team_id","tm_team","foot","tm_value","tm_currency","height","debut","country"
"13","David de Gea","59377","Keeper",1990-11-07,25,"985","Manchester United","right",40000000,"€  ",189,2014-06-08,"Spain"
"23","Sergio Rico","207302","Keeper",1993-09-01,22,"368","Sevilla FC","right",15000000,"€  ",194,2016-06-01,"Spain"
"1","Iker Casillas","3979","Keeper",1981-05-20,35,"720","FC Porto","left",3000000,"€  ",182,2000-06-03,"Spain"
"3","Gerard Piqué","18944","Centre Back",1987-02-02,29,"131","FC Barcelona","right",40000000,"€  ",193,2009-02-11,"Spain"
"15","Sergio Ramos","25557","Centre Back",1986-03-30,30,"418","Real Madrid","right",40000000,"€  ",183,2005-03-26,"Spain"
"4","Marc Bartra","99922","Centre Back",1991-01-15,25,"131","FC Barcelona","right",8000000,"€  ",183,2013-11-16,"Spain"
"18","Jordi Alba","69751","Left-Back",1989-03-21,27,"131","FC Barcelona","left",35000000,"€  ",170,2011-10-11,"Spain"
"2","César Azpilicueta","57500","Right-Back",1989-08-28,26,"631","Chelsea FC","right",20000000,"€  ",178,2013-02-06,"Spain"
"12","Héctor Bellerín","191217","Right-Back",1995-03-19,21,"11","Arsenal FC","right",18000000,"€  ",178,2016-05-29,"Spain"
"16","Juanfran","16635","Right-Back",1985-01-09,31,"13","Atlético Madrid","right",16000000,"€  ",181,2012-05-26,"Spain"
"5","Sergio Busquets","65230","Defensive Midfield",1988-07-16,27,"131","FC Barcelona","right",60000000,"€  ",189,2009-04-01,"Spain"
"17","Mikel San José","52469","Defensive Midfield",1989-05-30,27,"621","Athletic Bilbao","right",10000000,"€  ",186,2014-09-04,"Spain"
"19","Bruno Soriano","44412","Defensive Midfield",1984-06-12,32,"1050","Villarreal CF","left",8000000,"€  ",184,2010-08-11,"Spain"
"10","Cesc Fàbregas","8806","Central Midfield",1987-05-04,29,"631","Chelsea FC","right",45000000,"€  ",175,2006-03-01,"Spain"
"6","Andrés Iniesta","7600","Central Midfield",1984-05-11,32,"131","FC Barcelona","right",35000000,"€  ",171,2006-05-27,"Spain"
"14","Thiago","60444","Central Midfield",1991-04-11,25,"27","Bayern Munich","right",25000000,"€  ",174,2011-08-10,"Spain"
"21","David Silva","35518","Attacking Midfield",1986-01-08,30,"281","Manchester City","left",33000000,"€  ",170,2006-11-15,"Spain"
"8","Koke","74229","Left Wing",1992-01-08,24,"13","Atlético Madrid","right",60000000,"€  ",176,2013-08-14,"Spain"
"11","Pedro","65278","Right Wing",1987-07-28,28,"631","Chelsea FC","both",23000000,"€  ",167,2010-05-29,"Spain"
"22","Nolito","70934","Left Wing",1986-10-15,29,"940","Celta de Vigo","right",15000000,"€  ",175,2014-11-18,"Spain"
"9","Lucas Vázquez","221316","Right Wing",1991-07-01,24,"418","Real Madrid","right",10000000,"€  ",173,2016-06-07,"Spain"
"7","Álvaro Morata","128223","Centre Forward",1992-10-23,23,"506","Juventus FC","both",30000000,"€  ",189,2014-11-15,"Spain"
"20","Aritz Aduriz","29124","Centre Forward",1981-02-11,35,"621","Athletic Bilbao","right",3000000,"€  ",182,2010-10-08,"Spain"
"1","Manuel Neuer","17259","Keeper",1986-03-27,30,"27","Bayern Munich","right",45000000,"€  ",193,2009-06-02,"Germany"
"12","Bernd Leno","72476","Keeper",1992-03-04,24,"15","Bayer 04 Leverkusen","right",16000000,"€  ",190,2016-05-29,"Germany"
"22","Marc-André ter Stegen","74857","Keeper",1992-04-30,24,"131","FC Barcelona","right",15000000,"€  ",187,2012-05-26,"Germany"
"17","Jérôme Boateng","26485","Centre Back",1988-09-03,27,"27","Bayern Munich","right",40000000,"€  ",192,2009-10-10,"Germany"
"5","Mats Hummels","39728","Centre Back",1988-12-16,27,"16","Borussia Dortmund","right",38000000,"€  ",192,2010-05-13,"Germany"
"2","Shkodran Mustafi","88590","Centre Back",1992-04-17,24,"1049","Valencia CF","right",20000000,"€  ",184,2014-05-13,"Germany"
"4","Benedikt Höwedes","39020","Centre Back",1988-02-29,28,"33","FC Schalke 04","right",16000000,"€  ",187,2011-05-29,"Germany"
"16","Jonathan Tah","196357","Centre Back",1996-02-11,20,"15","Bayer 04 Leverkusen","right",12000000,"€  ",194,2016-03-26,"Germany"
"3","Jonas Hector","108537","Left-Back",1990-05-27,26,"3","1. FC Köln","left",11000000,"€  ",185,2014-11-14,"Germany"
"14","Emre Can","119296","Defensive Midfield",1994-01-12,22,"31","Liverpool FC","right",18000000,"€  ",184,2015-09-04,"Germany"
"15","Julian Weigl","196792","Defensive Midfield",1995-09-08,20,"16","Borussia Dortmund","right",14000000,"€  ",187,2016-05-29,"Germany"
"21","Joshua Kimmich","161056","Defensive Midfield",1995-02-08,21,"27","Bayern Munich","right",13000000,"€  ",176,2016-05-29,"Germany"
"18","Toni Kroos","31909","Central Midfield",1990-01-04,26,"418","Real Madrid","both",50000000,"€  ",182,2010-03-03,"Germany"
"6","Sami Khedira","29401","Central Midfield",1987-04-04,29,"506","Juventus FC","right",20000000,"€  ",189,2009-09-05,"Germany"
"7","Bastian Schweinsteiger","2514","Central Midfield",1984-08-01,31,"985","Manchester United","right",12000000,"€  ",183,2004-06-06,"Germany"
"8","Mesut Özil","35664","Attacking Midfield",1988-10-15,27,"11","Arsenal FC","left",50000000,"€  ",180,2009-02-11,"Germany"
"19","Mario Götze","74842","Attacking Midfield",1992-06-03,24,"27","Bayern Munich","right",35000000,"€  ",176,2010-11-17,"Germany"
"11","Julian Draxler","85148","Attacking Midfield",1993-09-20,22,"82","VfL Wolfsburg","right",24000000,"€  ",187,2012-05-26,"Germany"
"9","André Schürrle","58205","Left Wing",1990-11-06,25,"82","VfL Wolfsburg","right",18000000,"€  ",184,2010-11-17,"Germany"
"20","Leroy Sané","192565","Right Wing",1996-01-11,20,"33","FC Schalke 04","left",18000000,"€  ",184,2015-11-13,"Germany"
"13","Thomas Müller","58358","Secondary Striker",1989-09-13,26,"27","Bayern Munich","right",75000000,"€  ",186,2010-03-03,"Germany"
"23","Mario Gómez","6288","Centre Forward",1985-07-10,30,"114","Besiktas JK","both",12000000,"€  ",189,2007-02-07,"Germany"
"10","Lukas Podolski","15185","Centre Forward",1985-06-04,31,"141","Galatasaray SK","left",8000000,"€  ",182,2004-06-06,"Germany"
"1","Hugo Lloris","17965","Keeper",1986-12-26,29,"148","Tottenham Hotspur","left",24000000,"€  ",188,2008-11-19,"France"
"16","Steve Mandanda","23951","Keeper",1985-03-28,31,"244","Olympique Marseille","right",10000000,"€  ",185,2008-05-27,"France"
"23","Benoît Costil","22628","Keeper",1987-07-03,28,"273","Stade Rennais FC","right",8000000,"€  ",188,NA,"France"
"13","Eliaquim Mangala","90681","Centre Back",1991-02-13,25,"281","Manchester City","left",23000000,"€  ",186,2013-06-05,"France"
"21","Laurent Koscielny","76277","Centre Back",1985-09-10,30,"11","Arsenal FC","right",22000000,"€  ",186,2011-11-11,"France"
"22","Samuel Umtiti","126540","Centre Back",1993-11-14,22,"1041","Olympique Lyon","left",15000000,"€  ",181,NA,"France"
"4","Adil Rami","51118","Centre Back",1985-12-27,30,"368","Sevilla FC","right",7000000,"€  ",190,2010-08-11,"France"
"17","Lucas Digne","126664","Left-Back",1993-07-20,22,"12","AS Roma","left",12000000,"€  ",178,2014-03-05,"France"
"3","Patrice Evra","5285","Left-Back",1981-05-15,35,"506","Juventus FC","left",1000000,"€  ",174,2004-08-18,"France"
"19","Bacary Sagna","26764","Right-Back",1983-02-14,33,"281","Manchester City","right",7000000,"€  ",176,2007-08-22,"France"
"2","Christophe Jallet","28335","Right-Back",1983-10-31,32,"1041","Olympique Lyon","right",2000000,"€  ",176,2012-08-15,"France"
"12","Morgan Schneiderlin","56818","Defensive Midfield",1989-11-08,26,"985","Manchester United","right",30000000,"€  ",186,2014-06-08,"France"
"15","Paul Pogba","122153","Central Midfield",1993-03-15,23,"506","Juventus FC","both",70000000,"€  ",191,2013-03-22,"France"
"14","Blaise Matuidi","33923","Central Midfield",1987-04-09,29,"583","Paris Saint-Germain","left",30000000,"€  ",178,2010-09-07,"France"
"5","N'Golo Kanté","225083","Central Midfield",1991-03-29,25,"1003","Leicester City","right",20000000,"€  ",169,2016-03-25,"France"
"6","Yohan Cabaye","29434","Central Midfield",1986-01-14,30,"873","Crystal Palace","right",18000000,"€  ",173,2010-08-11,"France"
"18","Moussa Sissoko","46001","Central Midfield",1989-08-16,26,"762","Newcastle United","right",13000000,"€  ",187,2009-10-10,"France"
"12","Dimitri Payet","37647","Attacking Midfield",1987-03-29,29,"379","West Ham United","both",23000000,"€  ",176,2010-10-09,"France"
"20","Kingsley Coman","243714","Right Wing",1996-06-13,20,"27","Bayern Munich","right",17000000,"€  ",178,2015-11-13,"France"
"7","Antoine Griezmann","125781","Secondary Striker",1991-03-21,25,"13","Atlético Madrid","left",70000000,"€  ",175,2014-03-05,"France"
"11","Anthony Martial","182877","Centre Forward",1995-12-05,20,"985","Manchester United","right",32000000,"€  ",181,2015-09-04,"France"
"9","Olivier Giroud","82442","Centre Forward",1986-09-30,29,"11","Arsenal FC","left",25000000,"€  ",192,2011-11-11,"France"
"10","André-Pierre Gignac","43907","Centre Forward",1985-12-05,30,"7055","Tigres UANL","right",8000000,"€  ",187,2009-04-01,"France"
"1","Joe Hart","40204","Keeper",1987-04-19,29,"281","Manchester City","right",17000000,"€  ",196,2008-06-01,"England"
"13","Fraser Forster","52570","Keeper",1988-03-17,28,"180","Southampton FC","right",15000000,"€  ",201,2013-11-15,"England"
"23","Tom Heaton","34130","Keeper",1986-04-15,30,"1132","Burnley FC","right",3000000,"€  ",188,2016-05-27,"England"
"16","John Stones","186590","Centre Back",1994-05-28,22,"29","Everton FC","right",28000000,"€  ",188,2014-05-30,"England"
"6","Chris Smalling","103427","Centre Back",1989-11-22,26,"985","Manchester United","right",20000000,"€  ",194,2011-09-02,"England"
"5","Gary Cahill","27511","Centre Back",1985-12-19,30,"631","Chelsea FC","right",16000000,"€  ",193,2010-09-03,"England"
"3","Danny Rose","50174","Left-Back",1990-07-02,25,"148","Tottenham Hotspur","left",14000000,"€  ",173,2016-03-26,"England"
"21","Ryan Bertrand","40611","Left-Back",1989-08-05,26,"180","Southampton FC","left",14000000,"€  ",179,2012-08-15,"England"
"12","Nathaniel Clyne","85177","Right-Back",1991-04-05,25,"31","Liverpool FC","right",21000000,"€  ",175,2014-11-15,"England"
"2","Kyle Walker","95424","Right-Back",1990-05-28,26,"148","Tottenham Hotspur","right",15000000,"€  ",178,2011-11-12,"England"
"17","Eric Dier","175722","Defensive Midfield",1994-01-15,22,"148","Tottenham Hotspur","right",18000000,"€  ",188,2015-11-13,"England"
"14","Jordan Henderson","61651","Central Midfield",1990-06-17,26,"31","Liverpool FC","right",28000000,"€  ",182,2010-11-17,"England"
"18","Jack Wilshere","74223","Central Midfield",1992-01-01,24,"11","Arsenal FC","left",23000000,"€  ",172,2010-08-11,"England"
"20","Dele Alli","207929","Central Midfield",1996-04-11,20,"148","Tottenham Hotspur","right",20000000,"€  ",188,2015-10-09,"England"
"4","James Milner","3333","Central Midfield",1986-01-04,30,"31","Liverpool FC","right",15000000,"€  ",176,2009-08-12,"England"
"19","Ross Barkley","131978","Attacking Midfield",1993-12-05,22,"29","Everton FC","right",22000000,"€  ",189,2013-09-06,"England"
"8","Adam Lallana","43530","Attacking Midfield",1988-05-10,28,"31","Liverpool FC","both",19000000,"€  ",172,2013-11-15,"England"
"7","Raheem Sterling","134425","Left Wing",1994-12-08,21,"281","Manchester City","right",45000000,"€  ",170,2012-11-14,"England"
"10","Wayne Rooney","3332","Secondary Striker",1985-10-24,30,"985","Manchester United","right",35000000,"€  ",176,2003-02-12,"England"
"9","Harry Kane","132098","Centre Forward",1993-07-28,22,"148","Tottenham Hotspur","right",40000000,"€  ",188,2015-03-27,"England"
"15","Daniel Sturridge","47082","Centre Forward",1989-09-01,26,"31","Liverpool FC","left",25000000,"€  ",188,2011-11-15,"England"
"11","Jamie Vardy","197838","Centre Forward",1987-01-11,29,"1003","Leicester City","right",18000000,"€  ",178,2015-06-07,"England"
"22","Marcus Rashford","258923","Centre Forward",1997-10-31,18,"985","Manchester United","right",6000000,"€  ",180,2016-05-27,"England"
"1","Thibaut Courtois","108390","Keeper",1992-05-11,24,"631","Chelsea FC","left",35000000,"€  ",199,2011-11-15,"Belgium"
"12","Simon Mignolet","50219","Keeper",1988-03-06,28,"31","Liverpool FC","right",12000000,"€  ",193,2011-03-25,"Belgium"
"13","Jean-François Gillet","22149","Keeper",1979-05-31,37,"354","KV Mechelen","right",500000,"€  ",181,2009-09-05,"Belgium"
"2","Toby Alderweireld","42710","Centre Back",1989-03-02,27,"148","Tottenham Hotspur","right",27000000,"€  ",186,2009-05-29,"Belgium"
"5","Jan Vertonghen","43250","Centre Back",1987-04-24,29,"148","Tottenham Hotspur","left",23000000,"€  ",189,2007-06-21,"Belgium"
"18","Christian Kabasele","81512","Centre Back",1991-02-24,25,"1184","KRC Genk","right",6000000,"€  ",187,NA,"Belgium"
"15","Jason Denayer","277114","Centre Back",1995-06-28,20,"141","Galatasaray SK","right",4000000,"€  ",184,2015-03-31,"Belgium"
"3","Thomas Vermaelen","15904","Centre Back",1985-11-14,30,"131","FC Barcelona","left",3000000,"€  ",183,2006-03-01,"Belgium"
"23","Laurent Ciman","22338","Centre Back",1985-08-05,30,"4078","Montreal Impact","right",2500000,"€  ",184,2010-05-19,"Belgium"
"21","Jordan Lukaku","140804","Left-Back",1994-07-25,21,"2861","KV Oostende","left",4000000,"€  ",183,2015-10-10,"Belgium"
"16","Thomas Meunier","100986","Right-Back",1991-09-12,24,"2282","Club Brugge KV","right",6000000,"€  ",190,2013-11-14,"Belgium"
"4","Radja Nainggolan","41982","Central Midfield",1988-05-04,28,"12","AS Roma","right",30000000,"€  ",175,2009-05-29,"Belgium"
"6","Axel Witsel","35047","Central Midfield",1989-01-12,27,"964","Zenit St. Petersburg","right",23000000,"€  ",186,2008-03-26,"Belgium"
"19","Mousa Dembélé","19368","Central Midfield",1987-07-16,28,"148","Tottenham Hotspur","left",18000000,"€  ",185,2006-10-11,"Belgium"
"8","Marouane Fellaini","39679","Central Midfield",1987-11-22,28,"985","Manchester United","right",15000000,"€  ",194,2007-02-07,"Belgium"
"7","Kevin De Bruyne","88755","Attacking Midfield",1991-06-28,24,"281","Manchester City","right",60000000,"€  ",181,2010-08-11,"Belgium"
"10","Eden Hazard","50202","Left Wing",1991-01-07,25,"631","Chelsea FC","both",65000000,"€  ",173,2008-11-19,"Belgium"
"11","Yannick Carrasco","140776","Left Wing",1993-09-04,22,"13","Atlético Madrid","both",25000000,"€  ",180,2015-03-28,"Belgium"
"14","Dries Mertens","56416","Left Wing",1987-05-06,29,"6195","SSC Napoli","right",16000000,"€  ",169,2011-02-09,"Belgium"
"9","Romelu Lukaku","96341","Centre Forward",1993-05-13,23,"29","Everton FC","left",40000000,"€  ",191,2010-03-03,"Belgium"
"20","Christian Benteke","50201","Centre Forward",1990-12-03,25,"31","Liverpool FC","right",27000000,"€  ",191,2010-05-19,"Belgium"
"22","Michy Batshuayi","179184","Centre Forward",1993-10-02,22,"244","Olympique Marseille","both",15000000,"€  ",182,2015-03-28,"Belgium"
"17","Divock Origi","148368","Centre Forward",1995-04-18,21,"31","Liverpool FC","both",11000000,"€  ",186,2014-06-01,"Belgium"
"1","Rui Patrício","45026","Keeper",1988-02-15,28,"336","Sporting CP","left",14000000,"€  ",190,2010-11-17,"Portugal"
"12","Anthony Lopes","60561","Keeper",1990-10-01,25,"1041","Olympique Lyon","left",13000000,"€  ",184,2015-03-31,"Portugal"
"22","Eduardo","34159","Keeper",1982-09-19,33,"419","GNK Dinamo Zagreb","right",1500000,"€  ",188,2009-02-11,"Portugal"
"3","Pepe","14132","Centre Back",1983-02-26,33,"418","Real Madrid","right",6000000,"€  ",187,2007-11-21,"Portugal"
"4","José Fonte","33829","Centre Back",1983-12-22,32,"180","Southampton FC","right",5000000,"€  ",187,2014-11-18,"Portugal"
"2","Bruno Alves","13121","Centre Back",1981-11-27,34,"36","Fenerbahce SK","right",2000000,"€  ",189,2007-06-05,"Portugal"
"6","Ricardo Carvalho","9828","Centre Back",1978-05-18,38,"162","AS Monaco","right",500000,"€  ",182,2003-10-11,"Portugal"
"5","Raphaël Guerreiro","170986","Left-Back",1993-12-22,22,"1158","FC Lorient","left",9000000,"€  ",170,2014-11-14,"Portugal"
"19","Eliseu","14192","Left-Back",1983-10-01,32,"294","SL Benfica","left",2000000,"€  ",176,2009-06-10,"Portugal"
"21","Cédric Soares","112988","Right-Back",1991-08-31,24,"180","Southampton FC","right",11000000,"€  ",172,2014-10-11,"Portugal"
"11","Vieirinha","35247","Right-Back",1986-01-24,30,"82","VfL Wolfsburg","right",7000000,"€  ",172,2013-03-22,"Portugal"
"14","William Carvalho","100131","Defensive Midfield",1992-04-07,24,"336","Sporting CP","right",26000000,"€  ",187,2013-11-19,"Portugal"
"13","Danilo Pereira","141050","Defensive Midfield",1991-09-09,24,"720","FC Porto","right",12000000,"€  ",188,2015-03-31,"Portugal"
"15","André Gomes","221025","Central Midfield",1993-07-30,22,"1049","Valencia CF","right",20000000,"€  ",188,2014-09-07,"Portugal"
"16","Renato Sanches","258027","Central Midfield",1997-08-18,18,"294","SL Benfica","right",20000000,"€  ",176,2016-03-25,"Portugal"
"8","João Moutinho","29364","Central Midfield",1986-09-08,29,"162","AS Monaco","right",18000000,"€  ",171,2005-08-17,"Portugal"
"23","Adrien Silva","56810","Central Midfield",1989-03-15,27,"336","Sporting CP","right",18000000,"€  ",175,2014-11-18,"Portugal"
"18","Rafa Silva","238055","Left Wing",1993-05-17,23,"1075","SC Braga","right",15000000,"€  ",170,2014-02-05,"Portugal"
"10","João Mário","149729","Right Wing",1993-01-19,23,"336","Sporting CP","right",20000000,"€  ",179,2014-10-11,"Portugal"
"7","Cristiano Ronaldo","8198","Left Wing",1985-02-05,31,"418","Real Madrid","both",110000000,"€  ",185,2003-08-20,"Portugal"
"17","Nani","33706","Right Wing",1986-11-17,29,"36","Fenerbahce SK","both",14500000,"€  ",176,2006-09-01,"Portugal"
"20","Ricardo Quaresma","4188","Right Wing",1983-09-26,32,"114","Besiktas JK","right",4000000,"€  ",175,2003-06-10,"Portugal"
"9","Éder","84481","Centre Forward",1987-12-22,28,"1082","LOSC Lille","both",5000000,"€  ",190,2012-09-11,"Portugal"
"23","Danijel Subasic","27941","Keeper",1984-10-27,31,"162","AS Monaco","right",5000000,"€  ",191,2009-11-14,"Croatia"
"12","Lovre Kalinic","46405","Keeper",1990-04-03,26,"447","HNK Hajduk Split","right",3000000,"€  ",201,2014-11-12,"Croatia"
"1","Ivan Vargic","34553","Keeper",1987-03-15,29,"144","HNK Rijeka","right",1750000,"€  ",192,2014-11-12,"Croatia"
"5","Vedran Corluka","34393","Centre Back",1986-02-05,30,"932","Lokomotiv Moscow","right",9000000,"€  ",192,2006-08-16,"Croatia"
"6","Tin Jedvaj","206386","Centre Back",1995-11-28,20,"15","Bayer 04 Leverkusen","right",8000000,"€  ",184,2014-09-04,"Croatia"
"21","Domagoj Vida","46083","Centre Back",1989-04-29,27,"338","Dynamo Kyiv","right",7500000,"€  ",184,2010-05-23,"Croatia"
"13","Gordon Schildenfeld","38870","Centre Back",1985-03-18,31,"419","GNK Dinamo Zagreb","right",1500000,"€  ",191,2009-11-14,"Croatia"
"3","Ivan Strinic","39799","Left-Back",1987-07-17,28,"6195","SSC Napoli","left",4500000,"€  ",186,2010-05-19,"Croatia"
"2","Sime Vrsaljko","76061","Right-Back",1992-01-10,24,"6574","US Sassuolo","right",13000000,"€  ",183,2011-02-09,"Croatia"
"11","Darijo Srna","14942","Right-Back",1982-05-01,34,"660","Shakhtar Donetsk","right",4000000,"€  ",182,2002-11-20,"Croatia"
"19","Milan Badelj","40633","Defensive Midfield",1989-02-25,27,"430","ACF Fiorentina","right",8000000,"€  ",186,2010-05-23,"Croatia"
"7","Ivan Rakitic","32467","Central Midfield",1988-03-10,28,"131","FC Barcelona","right",50000000,"€  ",184,2007-09-08,"Croatia"
"10","Luka Modric","27992","Central Midfield",1985-09-09,30,"418","Real Madrid","both",50000000,"€  ",172,2006-03-01,"Croatia"
"8","Mateo Kovacic","51471","Central Midfield",1994-05-06,22,"418","Real Madrid","right",20000000,"€  ",178,2013-03-22,"Croatia"
"14","Marcelo Brozovic","156617","Central Midfield",1992-11-16,23,"46","Inter Milan","both",18000000,"€  ",181,2014-06-06,"Croatia"
"18","Ante Coric","96630","Attacking Midfield",1997-04-14,19,"419","GNK Dinamo Zagreb","both",7000000,"€  ",172,2016-05-27,"Croatia"
"15","Marko Rog","317482","Attacking Midfield",1995-07-19,20,"419","GNK Dinamo Zagreb","right",6000000,"€  ",180,2014-11-12,"Croatia"
"4","Ivan Perisic","42460","Left Wing",1989-02-02,27,"46","Inter Milan","both",21000000,"€  ",187,2011-03-26,"Croatia"
"20","Marko Pjaca","205940","Left Wing",1995-05-06,21,"419","GNK Dinamo Zagreb","right",8000000,"€  ",186,2014-09-04,"Croatia"
"17","Mario Mandzukic","34572","Centre Forward",1986-05-21,30,"506","Juventus FC","right",19000000,"€  ",190,2007-11-17,"Croatia"
"16","Nikola Kalinic","36371","Centre Forward",1988-01-05,28,"430","ACF Fiorentina","both",13500000,"€  ",187,2008-05-24,"Croatia"
"9","Andrej Kramaric","46580","Centre Forward",1991-06-19,25,"533","TSG 1899 Hoffenheim","right",7500000,"€  ",177,2014-09-04,"Croatia"
"22","Duje Cop","46415","Centre Forward",1990-02-01,26,"1084","Málaga CF","right",3000000,"€  ",187,2014-09-04,"Croatia"
"12","Salvatore Sirigu","25508","Keeper",1987-01-12,29,"583","Paris Saint-Germain","right",8000000,"€  ",192,2010-08-10,"Italy"
"13","Federico Marchetti","22318","Keeper",1983-02-07,33,"398","SS Lazio","left",4000000,"€  ",188,2009-06-06,"Italy"
"1","Gianluigi Buffon","5023","Keeper",1978-01-28,38,"506","Juventus FC","right",2000000,"€  ",192,1997-10-29,"Italy"
"19","Leonardo Bonucci","39983","Centre Back",1987-05-01,29,"506","Juventus FC","right",30000000,"€  ",190,2010-03-03,"Italy"
"3","Giorgio Chiellini","29260","Centre Back",1984-08-14,31,"506","Juventus FC","left",13000000,"€  ",187,2004-11-17,"Italy"
"5","Angelo Ogbonna","48002","Centre Back",1988-05-23,28,"379","West Ham United","left",9000000,"€  ",189,2011-11-11,"Italy"
"15","Andrea Barzagli","7109","Centre Back",1981-05-08,35,"506","Juventus FC","right",2000000,"€  ",187,2004-11-17,"Italy"
"4","Matteo Darmian","54906","Right-Back",1989-12-02,26,"985","Manchester United","right",15000000,"€  ",183,2014-05-31,"Italy"
"2","Mattia De Sciglio","88682","Right-Back",1992-10-20,23,"5","AC Milan","right",5000000,"€  ",183,2013-03-21,"Italy"
"16","Daniele De Rossi","5947","Defensive Midfield",1983-07-24,32,"12","AS Roma","both",5000000,"€  ",185,2004-09-04,"Italy"
"10","Thiago Motta","7602","Defensive Midfield",1982-08-28,33,"583","Paris Saint-Germain","left",3000000,"€  ",187,2011-02-09,"Italy"
"8","Alessandro Florenzi","130365","Central Midfield",1991-03-11,25,"12","AS Roma","right",20000000,"€  ",173,2012-11-14,"Italy"
"14","Stefano Sturaro","167859","Central Midfield",1993-03-09,23,"506","Juventus FC","right",11000000,"€  ",181,2016-06-06,"Italy"
"18","Marco Parolo","84545","Central Midfield",1985-01-25,31,"398","SS Lazio","both",6500000,"€  ",184,2011-03-29,"Italy"
"6","Antonio Candreva","25488","Right Wing",1987-02-28,29,"398","SS Lazio","right",23000000,"€  ",181,2009-11-14,"Italy"
"20","Lorenzo Insigne","133964","Left Wing",1991-06-04,25,"6195","SSC Napoli","right",25000000,"€  ",163,2012-09-11,"Italy"
"22","Stephan El Shaarawy","94529","Left Wing",1992-10-27,23,"12","AS Roma","right",17000000,"€  ",178,2012-08-15,"Italy"
"21","Federico Bernardeschi","197300","Right Wing",1994-02-16,22,"430","ACF Fiorentina","left",16000000,"€  ",183,2016-03-24,"Italy"
"23","Emanuele Giaccherini","84835","Right Wing",1985-05-05,31,"1025","Bologna FC 1909","right",4000000,"€  ",167,2012-06-10,"Italy"
"7","Simone Zaza","96828","Centre Forward",1991-06-25,24,"506","Juventus FC","left",12000000,"€  ",186,2014-09-04,"Italy"
"17","Éder","37418","Centre Forward",1986-11-15,29,"46","Inter Milan","right",12000000,"€  ",178,2015-03-28,"Italy"
"9","Graziano Pellè","29594","Centre Forward",1985-07-15,30,"180","Southampton FC","right",11000000,"€  ",194,2014-10-13,"Italy"
"11","Ciro Immobile","105521","Centre Forward",1990-02-20,26,"416","Torino FC","right",10000000,"€  ",185,2014-03-05,"Italy"
"1","Wojciech Szczesny","44058","Keeper",1990-04-18,26,"12","AS Roma","right",12000000,"€  ",196,2009-11-18,"Poland"
"22","Lukasz Fabianski","29692","Keeper",1985-04-18,31,"2288","Swansea City","right",7000000,"€  ",190,2006-03-28,"Poland"
"12","Artur Boruc","15220","Keeper",1980-02-20,36,"989","AFC Bournemouth","right",1000000,"€  ",193,2004-04-28,"Poland"
"15","Kamil Glik","46552","Centre Back",1988-02-03,28,"416","Torino FC","right",10000000,"€  ",190,2010-01-20,"Poland"
"18","Bartosz Salamon","71019","Centre Back",1991-05-01,25,"1390","Cagliari Calcio","right",2200000,"€  ",194,2013-03-26,"Poland"
"2","Michal Pazdan","54512","Centre Back",1987-09-21,28,"255","Legia Warszawa","both",1700000,"€  ",181,2007-12-15,"Poland"
"4","Thiago Cionek","79510","Centre Back",1986-04-21,30,"458","US Palermo","right",900000,"€  ",184,2014-05-13,"Poland"
"14","Jakub Wawrzyniak","35075","Left-Back",1983-07-07,32,"4000","Lechia Gdansk","left",350000,"€  ",188,2006-12-06,"Poland"
"20","Lukasz Piszczek","25727","Right-Back",1985-06-03,31,"16","Borussia Dortmund","right",6000000,"€  ",184,2007-02-03,"Poland"
"3","Artur Jedrzejczyk","42401","Right-Back",1987-11-04,28,"255","Legia Warszawa","right",2700000,"€  ",189,2010-07-26,"Poland"
"10","Grzegorz Krychowiak","45184","Defensive Midfield",1990-01-29,26,"368","Sevilla FC","right",30000000,"€  ",186,2008-12-14,"Poland"
"6","Tomasz Jodlowiec","27261","Defensive Midfield",1985-09-08,30,"255","Legia Warszawa","right",1500000,"€  ",189,2008-10-11,"Poland"
"19","Piotr Zielinski","181136","Central Midfield",1994-05-20,22,"749","FC Empoli","right",12000000,"€  ",180,2013-06-04,"Poland"
"8","Karol Linetty","225873","Central Midfield",1995-02-02,21,"238","Lech Poznan","right",3200000,"€  ",176,2014-01-18,"Poland"
"5","Krzysztof Maczynski","51337","Central Midfield",1987-05-23,29,"422","Wisla Kraków","right",1000000,"€  ",175,2013-11-15,"Poland"
"23","Filip Starzynski","199301","Attacking Midfield",1991-05-27,25,"168","Zaglebie Lubin","right",1000000,"€  ",184,2014-09-07,"Poland"
"21","Bartosz Kapustka","246579","Left Wing",1996-12-23,19,"5689","Cracovia Kraków","right",2500000,"€  ",179,2015-09-07,"Poland"
"17","Slawomir Peszko","16956","Left Wing",1985-02-19,31,"4000","Lechia Gdansk","right",400000,"€  ",173,2008-11-19,"Poland"
"16","Jakub Blaszczykowski","29835","Right Wing",1985-12-14,30,"430","ACF Fiorentina","right",7000000,"€  ",176,2006-03-28,"Poland"
"11","Kamil Grosicki","37920","Right Wing",1988-06-08,28,"273","Stade Rennais FC","right",4500000,"€  ",180,2008-02-02,"Poland"
"9","Robert Lewandowski","38253","Centre Forward",1988-08-21,27,"27","Bayern Munich","right",75000000,"€  ",184,2008-09-10,"Poland"
"7","Arkadiusz Milik","191891","Centre Forward",1994-02-28,22,"610","Ajax Amsterdam","left",10000000,"€  ",186,2012-10-12,"Poland"
"13","Mariusz Stepinski","210363","Centre Forward",1995-05-12,21,"318","Ruch Chorzow","right",1500000,"€  ",183,2013-02-02,"Poland"
"1","Volkan Babacan","52261","Keeper",1988-08-11,27,"6890","Medipol Basaksehir","right",8000000,"€  ",192,2014-10-13,"Turkey"
"12","Onur Kivrak","56747","Keeper",1988-01-01,28,"449","Trabzonspor","right",6750000,"€  ",187,2010-05-26,"Turkey"
"23","Harun Tekin","85213","Keeper",1989-06-17,27,"20","Bursaspor","right",2500000,"€  ",187,NA,"Turkey"
"15","Mehmet Topal","44402","Centre Back",1986-03-03,30,"36","Fenerbahce SK","right",10000000,"€  ",187,2008-02-06,"Turkey"
"2","Semih Kaya","60709","Centre Back",1991-02-24,25,"141","Galatasaray SK","right",5750000,"€  ",182,2012-02-29,"Turkey"
"4","Ahmet Calik","182395","Centre Back",1994-02-26,22,"820","Genclerbirligi Ankara","right",5000000,"€  ",184,2015-11-17,"Turkey"
"3","Hakan Balta","29494","Centre Back",1983-03-23,33,"141","Galatasaray SK","left",1000000,"€  ",184,2006-04-12,"Turkey"
"18","Caner Erkin","39333","Left-Back",1988-10-04,27,"36","Fenerbahce SK","left",9000000,"€  ",179,2006-05-26,"Turkey"
"13","Ismail Köybasi","74641","Left-Back",1989-07-10,26,"114","Besiktas JK","left",5000000,"€  ",177,2009-08-12,"Turkey"
"7","Gökhan Gönül","33793","Right-Back",1985-01-04,31,"36","Fenerbahce SK","right",6000000,"€  ",175,2007-11-17,"Turkey"
"22","Sener Özbayrakli","169873","Right-Back",1990-01-23,26,"36","Fenerbahce SK","right",5000000,"€  ",181,2015-03-31,"Turkey"
"16","Ozan Tufan","236471","Defensive Midfield",1995-03-23,21,"36","Fenerbahce SK","right",7000000,"€  ",182,2014-05-25,"Turkey"
"14","Oguzhan Özyakup","77966","Central Midfield",1992-09-23,23,"114","Besiktas JK","both",14000000,"€  ",180,2013-05-28,"Turkey"
"5","Nuri Sahin","31095","Central Midfield",1988-09-05,27,"16","Borussia Dortmund","left",6500000,"€  ",180,2005-10-08,"Turkey"
"8","Selcuk Inan","35026","Central Midfield",1985-02-10,31,"141","Galatasaray SK","right",6000000,"€  ",185,2007-10-13,"Turkey"
"10","Arda Turan","21369","Attacking Midfield",1987-01-30,29,"131","FC Barcelona","both",30000000,"€  ",177,2006-08-16,"Turkey"
"6","Hakan Calhanoglu","126414","Attacking Midfield",1994-02-08,22,"15","Bayer 04 Leverkusen","right",18000000,"€  ",178,2013-09-06,"Turkey"
"19","Yunus Malli","85352","Attacking Midfield",1992-02-24,24,"39","1.FSV Mainz 05","right",10000000,"€  ",179,2015-11-13,"Turkey"
"11","Olcay Sahan","36200","Left Wing",1987-05-26,29,"114","Besiktas JK","right",5500000,"€  ",179,2013-03-22,"Turkey"
"20","Volkan Sen","56386","Left Wing",1987-07-07,28,"36","Fenerbahce SK","right",7500000,"€  ",174,2010-03-03,"Turkey"
"21","Emre Mor","283223","Right Wing",1997-07-24,18,"2778","FC Nordsjaelland","left",1000000,"€  ",168,2016-05-29,"Turkey"
"9","Cenk Tosun","45671","Centre Forward",1991-06-07,25,"114","Besiktas JK","right",8000000,"€  ",183,2013-10-15,"Turkey"
"17","Burak Yilmaz","34987","Centre Forward",1985-07-15,30,"3176","Beijing Guoan","both",5000000,"€  ",188,2006-04-12,"Turkey"
"1","Yann Sommer","42205","Keeper",1988-12-17,27,"18","Borussia Mönchengladbach","right",10000000,"€  ",183,2012-05-30,"Switzerland"
"21","Roman Bürki","59027","Keeper",1990-11-14,25,"16","Borussia Dortmund","right",6000000,"€  ",187,2014-11-18,"Switzerland"
"12","Marwin Hitz","59238","Keeper",1987-09-18,28,"167","FC Augsburg","right",4500000,"€  ",193,2015-06-10,"Switzerland"
"4","Nico Elvedi","192635","Centre Back",1996-09-30,19,"18","Borussia Mönchengladbach","right",4000000,"€  ",188,2016-05-28,"Switzerland"
"22","Fabian Schär","135343","Centre Back",1991-12-20,24,"533","TSG 1899 Hoffenheim","right",4000000,"€  ",186,2013-08-14,"Switzerland"
"20","Johan Djourou","34561","Centre Back",1987-01-18,29,"41","Hamburger SV","right",3500000,"€  ",191,2006-03-01,"Switzerland"
"5","Steve von Bergen","4793","Centre Back",1983-06-10,33,"452","BSC Young Boys","right",1000000,"€  ",182,2006-09-06,"Switzerland"
"13","Ricardo Rodríguez","86784","Left-Back",1992-08-25,23,"82","VfL Wolfsburg","left",25000000,"€  ",180,2011-10-07,"Switzerland"
"3","François Moubandje","123021","Left-Back",1990-06-21,25,"415","FC Toulouse","left",1500000,"€  ",180,2014-11-15,"Switzerland"
"2","Stephan Lichtsteiner","2865","Right-Back",1984-01-16,32,"506","Juventus FC","right",6000000,"€  ",182,2006-11-15,"Switzerland"
"6","Michael Lang","51346","Right-Back",1991-02-08,25,"26","FC Basel 1893","right",4250000,"€  ",185,2013-08-14,"Switzerland"
"14","Denis Zakaria","334526","Defensive Midfield",1996-11-20,19,"452","BSC Young Boys","right",4000000,"€  ",191,2016-05-28,"Switzerland"
"16","Gelson Fernandes","20081","Defensive Midfield",1986-09-02,29,"273","Stade Rennais FC","right",3000000,"€  ",179,2007-08-22,"Switzerland"
"11","Valon Behrami","21905","Defensive Midfield",1985-04-19,31,"1010","Watford FC","right",2500000,"€  ",184,2005-10-08,"Switzerland"
"10","Granit Xhaka","111455","Central Midfield",1992-09-27,23,"18","Borussia Mönchengladbach","left",35000000,"€  ",185,2011-06-04,"Switzerland"
"15","Blerim Dzemaili","9967","Central Midfield",1986-04-12,30,"252","Genoa CFC","right",3500000,"€  ",179,2006-03-01,"Switzerland"
"8","Fabian Frei","52595","Central Midfield",1989-01-08,27,"39","1.FSV Mainz 05","right",3000000,"€  ",183,2011-10-07,"Switzerland"
"23","Xherdan Shaqiri","86792","Right Wing",1991-10-10,24,"512","Stoke City","left",15000000,"€  ",170,2010-03-03,"Switzerland"
"18","Admir Mehmedi","66058","Left Wing",1991-03-16,25,"15","Bayer 04 Leverkusen","right",5000000,"€  ",183,2011-06-04,"Switzerland"
"17","Shani Tarashaj","184381","Secondary Striker",1995-02-07,21,"504","Grasshopper Club","right",4000000,"€  ",176,2016-03-25,"Switzerland"
"7","Breel Embolo","237662","Centre Forward",1997-02-14,19,"26","FC Basel 1893","right",20000000,"€  ",185,2015-03-31,"Switzerland"
"9","Haris Seferovic","109256","Centre Forward",1992-02-22,24,"24","Eintracht Frankfurt","left",5500000,"€  ",185,2013-02-06,"Switzerland"
"19","Eren Derdiyok","47543","Centre Forward",1988-06-12,28,"10484","Kasimpasa","right",4600000,"€  ",191,2008-01-24,"Switzerland"
"1","Wayne Hennessey","45494","Keeper",1987-01-24,29,"873","Crystal Palace","right",3500000,"€  ",197,2007-05-26,"Wales"
"21","Danny Ward","203026","Keeper",1993-06-22,22,"31","Liverpool FC","right",1500000,"€  ",191,2016-03-24,"Wales"
"12","Owain Fôn Williams","48954","Keeper",1987-03-17,29,"2451","Inverness Caledonian Thistle FC",NA,250000,"€  ",193,2015-11-13,"Wales"
"6","Ashley Williams","67355","Centre Back",1984-08-23,31,"2288","Swansea City","right",6500000,"€  ",183,2008-03-26,"Wales"
"5","James Chester","73482","Centre Back",1989-01-23,27,"984","West Bromwich Albion","right",5000000,"€  ",177,2014-06-04,"Wales"
"19","James Collins","12691","Centre Back",1983-08-23,32,"379","West Ham United","right",2000000,"€  ",188,2004-05-27,"Wales"
"4","Ben Davies","192765","Left-Back",1993-04-24,23,"148","Tottenham Hotspur","left",8000000,"€  ",181,2012-10-12,"Wales"
"3","Neil Taylor","67416","Left-Back",1989-02-07,27,"2288","Swansea City","left",5000000,"€  ",176,2010-05-23,"Wales"
"2","Chris Gunter","43853","Right-Back",1989-07-21,26,"1032","Reading FC","right",2500000,"€  ",180,2007-05-26,"Wales"
"15","Jazz Richards","120241","Right-Back",1991-04-12,25,"931","Fulham FC","right",750000,"€  ",174,2012-05-27,"Wales"
"22","David Vaughan","14178","Defensive Midfield",1983-02-18,33,"703","Nottingham Forest","left",1250000,"€  ",171,2003-05-26,"Wales"
"10","Aaron Ramsey","50057","Central Midfield",1990-12-26,25,"11","Arsenal FC","both",30000000,"€  ",182,2008-11-19,"Wales"
"7","Joe Allen","51452","Central Midfield",1990-03-14,26,"31","Liverpool FC","right",8000000,"€  ",168,2009-05-29,"Wales"
"8","Andy King","56872","Central Midfield",1988-10-29,27,"1003","Leicester City","right",3500000,"€  ",183,2009-05-29,"Wales"
"16","Joe Ledley","34409","Central Midfield",1987-01-23,29,"873","Crystal Palace","left",3500000,"€  ",183,2005-09-07,"Wales"
"14","David Edwards","54949","Attacking Midfield",1986-02-03,30,"543","Wolverhampton Wanderers","right",850000,"€  ",183,2007-11-17,"Wales"
"20","Jonathan Williams","170322","Attacking Midfield",1993-10-09,22,"873","Crystal Palace","left",750000,"€  ",168,2013-03-22,"Wales"
"13","George Williams","136368","Attacking Midfield",1995-09-07,20,"931","Fulham FC","left",500000,"€  ",172,2014-06-04,"Wales"
"17","David Cotterill","40207","Right Wing",1987-12-04,28,"337","Birmingham City","right",750000,"€  ",175,2005-10-12,"Wales"
"9","Hal Robson-Kanu","65976","Left Wing",1989-05-21,27,"1032","Reading FC","left",2000000,"€  ",183,2010-05-23,"Wales"
"11","Gareth Bale","39381","Right Wing",1989-07-16,26,"418","Real Madrid","left",80000000,"€  ",183,2006-05-27,"Wales"
"18","Sam Vokes","48078","Centre Forward",1989-10-21,26,"1132","Burnley FC","right",3500000,"€  ",186,2008-05-28,"Wales"
"23","Simon Church","66959","Centre Forward",1988-12-10,27,"991","Milton Keynes Dons","right",500000,"€  ",183,2009-05-29,"Wales"
"1","Igor Akinfeev","15570","Keeper",1986-04-08,30,"2410","CSKA Moscow","right",14000000,"€  ",186,2004-04-28,"Russia"
"12","Yuri Lodygin","126360","Keeper",1990-05-26,26,"964","Zenit St. Petersburg","right",8000000,"€  ",187,2013-11-19,"Russia"
"16","Guilherme","55369","Keeper",1985-12-12,30,"932","Lokomotiv Moscow","right",6000000,"€  ",197,2016-03-26,"Russia"
"5","Roman Neustädter","40478","Centre Back",1988-02-18,28,"33","FC Schalke 04","right",7000000,"€  ",190,2016-06-01,"Russia"
"14","Vasili Berezutski","15362","Centre Back",1982-06-20,33,"2410","CSKA Moscow","right",3000000,"€  ",189,2003-06-07,"Russia"
"6","Aleksey Berezutski","15363","Centre Back",1982-06-20,33,"2410","CSKA Moscow","both",1000000,"€  ",190,2003-02-12,"Russia"
"4","Sergey Ignashevich","9644","Centre Back",1979-07-14,36,"2410","CSKA Moscow","right",200000,"€  ",186,2002-08-21,"Russia"
"21","Georgi Schennikov","70097","Left-Back",1991-04-27,25,"2410","CSKA Moscow","left",4000000,"€  ",180,2012-08-15,"Russia"
"3","Igor Smolnikov","46635","Right-Back",1988-08-08,27,"964","Zenit St. Petersburg","right",12000000,"€  ",178,2013-11-19,"Russia"
"2","Roman Shishkin","28937","Right-Back",1987-01-27,29,"932","Lokomotiv Moscow","right",3000000,"€  ",177,2007-03-24,"Russia"
"17","Oleg Shatov","59187","Central Midfield",1990-07-29,25,"964","Zenit St. Petersburg","right",14000000,"€  ",173,2013-02-06,"Russia"
"11","Pavel Mamaev","38802","Central Midfield",1988-09-17,27,"16704","FK Krasnodar","both",12000000,"€  ",180,2010-11-17,"Russia"
"8","Denis Glushakov","55336","Central Midfield",1987-01-27,29,"232","Spartak Moscow","both",5000000,"€  ",182,2011-03-29,"Russia"
"7","Artur Yusupov","97541","Central Midfield",1989-09-01,26,"964","Zenit St. Petersburg","right",4000000,"€  ",181,2015-11-17,"Russia"
"15","Roman Shirokov","48550","Central Midfield",1981-07-06,34,"2410","CSKA Moscow","right",1000000,"€  ",184,2008-03-26,"Russia"
"19","Aleksandr Samedov","15076","Right Midfield",1984-07-19,31,"932","Lokomotiv Moscow","right",4000000,"€  ",178,2011-10-07,"Russia"
"23","Dmitri Kombarov","38782","Left Midfield",1987-01-22,29,"232","Spartak Moscow","left",5000000,"€  ",182,2012-02-29,"Russia"
"18","Oleg Ivanov","16756","Attacking Midfield",1986-08-04,29,"3725","Terek Grozny","right",4000000,"€  ",192,2015-06-07,"Russia"
"13","Aleksandr Golovin","263918","Attacking Midfield",1996-05-30,20,"2410","CSKA Moscow","right",3000000,"€  ",180,2015-06-07,"Russia"
"20","Dmitri Torbinski","15083","Left Wing",1984-04-28,32,"16704","FK Krasnodar","left",1000000,"€  ",175,2007-03-24,"Russia"
"22","Artem Dzyuba","48067","Centre Forward",1988-08-22,27,"964","Zenit St. Petersburg","right",10000000,"€  ",196,2011-11-11,"Russia"
"10","Fedor Smolov","50355","Centre Forward",1990-02-09,26,"16704","FK Krasnodar","right",8000000,"€  ",187,2012-11-14,"Russia"
"9","Aleksandr Kokorin","89086","Centre Forward",1991-03-19,25,"964","Zenit St. Petersburg","right",7000000,"€  ",183,2011-11-11,"Russia"
"23","Ramazan Özcan","16498","Keeper",1984-06-28,31,"4795","FC Ingolstadt 04","left",1250000,"€  ",187,2008-08-20,"Austria"
"1","Robert Almer","2950","Keeper",1984-03-20,32,"14","Austria Vienna","left",1000000,"€  ",194,2011-11-15,"Austria"
"12","Heinz Lindner","59082","Keeper",1990-07-17,25,"24","Eintracht Frankfurt","right",1000000,"€  ",187,2012-06-01,"Austria"
"3","Aleksandar Dragovic","59032","Centre Back",1991-03-06,25,"338","Dynamo Kyiv","both",15000000,"€  ",186,2009-06-06,"Austria"
"16","Kevin Wimmer","122675","Centre Back",1992-11-15,23,"148","Tottenham Hotspur","left",7000000,"€  ",187,2013-11-19,"Austria"
"4","Martin Hinteregger","85789","Centre Back",1992-09-07,23,"18","Borussia Mönchengladbach","left",6000000,"€  ",184,2013-11-19,"Austria"
"15","Sebastian Prödl","37981","Centre Back",1987-06-21,28,"1010","Watford FC","right",4000000,"€  ",194,2007-05-30,"Austria"
"8","David Alaba","59016","Left-Back",1992-06-24,23,"27","Bayern Munich","left",45000000,"€  ",180,2009-10-14,"Austria"
"5","Christian Fuchs","6636","Left-Back",1986-04-07,30,"1003","Leicester City","left",6000000,"€  ",186,2006-05-23,"Austria"
"13","Markus Suttner","31514","Left-Back",1987-04-16,29,"4795","FC Ingolstadt 04","left",1500000,"€  ",179,2012-02-29,"Austria"
"17","Florian Klein","20276","Right-Back",1986-11-17,29,"79","VfB Stuttgart","right",1500000,"€  ",182,2010-05-19,"Austria"
"2","György Garics","2926","Right-Back",1984-03-08,32,"105","SV Darmstadt 98","right",750000,"€  ",183,2006-10-06,"Austria"
"14","Julian Baumgartlinger","34787","Defensive Midfield",1988-01-02,28,"39","1.FSV Mainz 05","right",6000000,"€  ",183,2009-09-09,"Austria"
"6","Stefan Ilsanker","40074","Defensive Midfield",1989-05-18,27,"23826","RasenBallsport Leipzig","right",2000000,"€  ",189,2014-05-30,"Austria"
"10","Zlatko Junuzovic","31007","Attacking Midfield",1987-09-26,28,"86","SV Werder Bremen","right",7000000,"€  ",172,2006-03-01,"Austria"
"18","Alessandro Schöpf","118397","Attacking Midfield",1994-02-07,22,"33","FC Schalke 04","right",5000000,"€  ",178,2016-03-26,"Austria"
"22","Jakob Jantscher","52269","Attacking Midfield",1989-01-08,27,"434","FC Luzern","both",1500000,"€  ",181,2009-06-06,"Austria"
"7","Marko Arnautovic","41384","Left Wing",1989-04-19,27,"512","Stoke City","both",10000000,"€  ",193,2008-10-11,"Austria"
"20","Marcel Sabitzer","106987","Left Wing",1994-03-17,22,"23826","RasenBallsport Leipzig","right",4000000,"€  ",177,2012-06-05,"Austria"
"11","Martin Harnik","31159","Right Wing",1987-06-10,29,"79","VfB Stuttgart","right",2500000,"€  ",185,2007-08-22,"Austria"
"19","Lukas Hinterseer","59054","Centre Forward",1991-03-28,25,"4795","FC Ingolstadt 04","right",2000000,"€  ",192,2013-11-19,"Austria"
"21","Marc Janko","8073","Centre Forward",1983-06-25,32,"26","FC Basel 1893","left",1750000,"€  ",196,2006-05-23,"Austria"
"9","Rubin Okotie","31493","Centre Forward",1987-06-06,29,"72","TSV 1860 Munich","both",1200000,"€  ",188,2008-11-19,"Austria"
"12","Andriy Pyatov","39996","Keeper",1984-06-28,31,"660","Shakhtar Donetsk","right",4000000,"€  ",190,2007-08-22,"Ukraine"
"1","Denys Boyko","91931","Keeper",1988-01-29,28,"114","Besiktas JK","right",2500000,"€  ",194,2014-11-18,"Ukraine"
"23","Mykyta Shevchenko","80312","Keeper",1993-01-26,23,"10690","Zorya Lugansk","right",2500000,"€  ",187,NA,"Ukraine"
"20","Yaroslav Rakitsky","89222","Centre Back",1989-08-03,26,"660","Shakhtar Donetsk","left",10000000,"€  ",184,2009-10-10,"Ukraine"
"3","Evgen Khacheridi","69004","Centre Back",1987-07-28,28,"338","Dynamo Kyiv","right",8500000,"€  ",198,2009-10-10,"Ukraine"
"5","Oleksandr Kucher","44357","Centre Back",1982-10-22,33,"660","Shakhtar Donetsk","right",1200000,"€  ",184,2006-08-15,"Ukraine"
"13","Vyacheslav Shevchuk","25820","Left-Back",1979-05-13,37,"660","Shakhtar Donetsk","both",200000,"€  ",184,2003-04-30,"Ukraine"
"17","Artem Fedetsky","58000","Right-Back",1985-04-26,31,"339","Dnipro Dnipropetrovsk","right",2500000,"€  ",183,2010-05-25,"Ukraine"
"2","Bogdan Butko","94922","Right-Back",1991-01-13,25,"4128","Amkar Perm","right",2000000,"€  ",182,2011-09-02,"Ukraine"
"6","Taras Stepanenko","59970","Defensive Midfield",1989-08-08,26,"660","Shakhtar Donetsk","left",8000000,"€  ",181,2010-11-17,"Ukraine"
"18","Sergiy Rybalka","81649","Defensive Midfield",1990-04-01,26,"338","Dynamo Kyiv","right",4500000,"€  ",176,2015-03-31,"Ukraine"
"4","Anatoliy Tymoshchuk","14944","Defensive Midfield",1979-03-30,37,"10482","Kairat Almaty","right",200000,"€  ",181,2000-04-26,"Ukraine"
"19","Denys Garmash","70754","Central Midfield",1990-04-19,26,"338","Dynamo Kyiv","right",5000000,"€  ",186,2011-10-07,"Ukraine"
"16","Sergiy Sydorchuk","124182","Central Midfield",1991-05-02,25,"338","Dynamo Kyiv","right",4500000,"€  ",188,2014-10-09,"Ukraine"
"14","Ruslan Rotan","24049","Central Midfield",1981-10-29,34,"339","Dnipro Dnipropetrovsk","both",1000000,"€  ",176,2003-02-12,"Ukraine"
"22","Oleksandr Karavaev","59322","Right Midfield",1992-06-02,24,"10690","Zorya Lugansk","both",2500000,"€  ",173,2015-10-09,"Ukraine"
"9","Viktor Kovalenko","203842","Attacking Midfield",1996-02-14,20,"660","Shakhtar Donetsk","right",4500000,"€  ",182,2016-03-24,"Ukraine"
"21","Oleksandr Zinchenko","203853","Attacking Midfield",1996-12-15,19,"28095","FK Ufa","left",4000000,"€  ",175,2015-10-12,"Ukraine"
"10","Evgen Konoplyanka","58949","Left Wing",1989-09-29,26,"368","Sevilla FC","right",25000000,"€  ",176,2010-05-25,"Ukraine"
"7","Andriy Yarmolenko","69015","Right Wing",1989-10-23,26,"338","Dynamo Kyiv","left",22000000,"€  ",189,2009-09-05,"Ukraine"
"8","Roman Zozulya","70767","Centre Forward",1989-11-17,26,"339","Dnipro Dnipropetrovsk","right",3500000,"€  ",176,2010-06-02,"Ukraine"
"11","Evgen Seleznev","59908","Centre Forward",1985-07-20,30,"2439","Kuban Krasnodar","right",3000000,"€  ",185,2008-05-24,"Ukraine"
"15","Pylyp Budkivsky","99863","Centre Forward",1992-03-10,24,"10690","Zorya Lugansk","right",2500000,"€  ",196,2014-10-09,"Ukraine"
"12","Robin Olsen","75458","Keeper",1990-01-08,26,"190","FC Copenhagen",NA,1500000,"€  ",198,2015-01-15,"Sweden"
"1","Andreas Isaksson","6590","Keeper",1981-10-03,34,"10484","Kasimpasa","right",1000000,"€  ",199,2002-03-27,"Sweden"
"23","Patrik Carlgren","190280","Keeper",1992-01-08,24,"272","AIK Solna",NA,1000000,"€  ",188,2016-01-10,"Sweden"
"14","Victor Lindelöf","184573","Centre Back",1994-07-17,21,"294","SL Benfica","right",8000000,"€  ",187,2016-03-24,"Sweden"
"4","Andreas Granqvist","29213","Centre Back",1985-04-16,31,"16704","FK Krasnodar","right",7000000,"€  ",192,2006-01-23,"Sweden"
"3","Erik Johansson","49147","Centre Back",1988-12-30,27,"190","FC Copenhagen","left",1500000,"€  ",191,2014-01-21,"Sweden"
"13","Pontus Jansson","125314","Centre Back",1991-02-13,25,"416","Torino FC","right",1300000,"€  ",194,2012-01-18,"Sweden"
"5","Martin Olsson","38073","Left-Back",1988-05-17,28,"1123","Norwich City","left",3500000,"€  ",178,2010-05-29,"Sweden"
"17","Ludwig Augustinsson","170646","Left-Back",1994-04-21,22,"190","FC Copenhagen","left",3500000,"€  ",181,2015-01-15,"Sweden"
"2","Mikael Lustig","36025","Right-Back",1986-12-13,29,"371","Celtic FC","right",3500000,"€  ",189,2008-01-19,"Sweden"
"16","Pontus Wernbloom","36688","Defensive Midfield",1986-06-25,29,"2410","CSKA Moscow","right",10000000,"€  ",186,2007-01-18,"Sweden"
"18","Oscar Lewicki","76051","Defensive Midfield",1992-07-14,23,"496","Malmö FF","both",1700000,"€  ",173,2014-01-17,"Sweden"
"9","Kim Källström","3730","Defensive Midfield",1982-08-24,33,"504","Grasshopper Club","left",1500000,"€  ",185,2001-02-01,"Sweden"
"8","Albin Ekdal","49275","Central Midfield",1989-07-28,26,"41","Hamburger SV","right",4500000,"€  ",186,2011-08-10,"Sweden"
"15","Oscar Hiljemark","158810","Central Midfield",1992-06-28,23,"458","US Palermo","right",4000000,"€  ",184,2012-01-18,"Sweden"
"7","Sebastian Larsson","31720","Central Midfield",1985-06-06,31,"289","Sunderland AFC","right",2500000,"€  ",178,2008-02-06,"Sweden"
"21","Jimmy Durmaz","80205","Left Wing",1989-03-22,27,"683","Olympiacos Piraeus","left",3750000,"€  ",180,2011-02-08,"Sweden"
"22","Erkan Zengin","23674","Left Wing",1985-08-05,30,"449","Trabzonspor","right",2600000,"€  ",180,2013-03-26,"Sweden"
"6","Emil Forsberg","111078","Left Wing",1991-10-23,24,"23826","RasenBallsport Leipzig","right",5000000,"€  ",179,2014-01-17,"Sweden"
"10","Zlatan Ibrahimovic","3455","Centre Forward",1981-10-03,34,"583","Paris Saint-Germain","both",15000000,"€  ",195,2001-01-31,"Sweden"
"11","Marcus Berg","30418","Centre Forward",1986-08-17,29,"265","Panathinaikos Athens","right",5000000,"€  ",184,2008-02-06,"Sweden"
"20","John Guidetti","98596","Centre Forward",1992-04-15,24,"940","Celta de Vigo","right",5000000,"€  ",185,2012-02-29,"Sweden"
"19","Emir Kujovic","47199","Centre Forward",1988-06-22,27,"2844","IFK Norrköping","both",1500000,"€  ",194,2016-01-06,"Sweden"
"1","Keiren Westwood","15164","Keeper",1984-10-23,31,"1035","Sheffield Wednesday","left",1500000,"€  ",188,2009-05-29,"Republic of Ireland"
"23","Darren Randolph","51321","Keeper",1987-05-12,29,"379","West Ham United","right",1000000,"€  ",187,2012-09-11,"Republic of Ireland"
"16","Shay Given","3146","Keeper",1976-04-20,40,"512","Stoke City","right",500000,"€  ",185,1996-03-27,"Republic of Ireland"
"3","Ciaran Clark","98240","Centre Back",1989-09-26,26,"405","Aston Villa","left",4500000,"€  ",188,2011-02-08,"Republic of Ireland"
"5","Richard Keogh","47983","Centre Back",1986-08-11,29,"22","Derby County","right",1800000,"€  ",188,2013-02-06,"Republic of Ireland"
"12","Shane Duffy","119269","Centre Back",1992-01-01,24,"164","Blackburn Rovers","right",1500000,"€  ",193,2014-06-07,"Republic of Ireland"
"4","John O'Shea","3540","Centre Back",1981-04-30,35,"289","Sunderland AFC","right",1000000,"€  ",192,2001-08-15,"Republic of Ireland"
"19","Robbie Brady","128229","Left-Back",1992-01-14,24,"1123","Norwich City","left",6000000,"€  ",176,2012-09-11,"Republic of Ireland"
"17","Stephen Ward","34691","Left-Back",1985-08-20,30,"1132","Burnley FC","left",1000000,"€  ",184,2011-05-24,"Republic of Ireland"
"2","Seamus Coleman","68390","Right-Back",1988-10-11,27,"29","Everton FC","right",17000000,"€  ",177,2011-02-08,"Republic of Ireland"
"15","Cyrus Christie","158623","Right-Back",1992-09-30,23,"22","Derby County","right",1000000,"€  ",188,2014-11-18,"Republic of Ireland"
"6","Glenn Whelan","12124","Defensive Midfield",1984-01-13,32,"512","Stoke City","right",3000000,"€  ",180,2008-05-24,"Republic of Ireland"
"8","James McCarthy","45333","Central Midfield",1990-11-12,25,"29","Everton FC","right",17000000,"€  ",180,2010-03-02,"Republic of Ireland"
"18","David Meyler","68183","Central Midfield",1989-05-29,27,"3008","Hull City","right",2500000,"€  ",189,2012-10-16,"Republic of Ireland"
"13","Jeff Hendrick","148262","Central Midfield",1992-01-31,24,"22","Derby County","right",1500000,"€  ",185,2013-02-06,"Republic of Ireland"
"22","Stephen Quinn","43266","Central Midfield",1986-04-01,30,"1032","Reading FC","left",1500000,"€  ",168,2013-06-02,"Republic of Ireland"
"20","Wesley Hoolahan","24589","Attacking Midfield",1982-05-20,34,"1123","Norwich City","left",2000000,"€  ",168,2008-05-29,"Republic of Ireland"
"7","Aiden McGeady","21333","Right Wing",1986-04-04,30,"29","Everton FC","both",4500000,"€  ",180,2004-06-02,"Republic of Ireland"
"11","James McClean","85935","Left Wing",1989-04-22,27,"984","West Bromwich Albion","left",3000000,"€  ",180,2012-02-29,"Republic of Ireland"
"14","Jonathan Walters","3306","Right Wing",1983-09-20,32,"512","Stoke City","right",3500000,"€  ",183,2010-11-17,"Republic of Ireland"
"9","Shane Long","37304","Centre Forward",1987-01-22,29,"180","Southampton FC","both",10000000,"€  ",180,2007-02-07,"Republic of Ireland"
"10","Robbie Keane","3144","Centre Forward",1980-07-08,35,"1061","Los Angeles Galaxy","right",1000000,"€  ",175,1998-03-25,"Republic of Ireland"
"21","Daryl Murphy","31312","Centre Forward",1983-03-15,33,"677","Ipswich Town","left",1000000,"€  ",189,2007-05-24,"Republic of Ireland"
"23","Matús Kozácik","21053","Keeper",1983-12-27,32,"941","FC Viktoria Plzen",NA,1000000,"€  ",193,2006-12-10,"Slovakia"
"12","Ján Novota","50316","Keeper",1983-11-29,32,"170","Rapid Vienna","right",700000,"€  ",199,2014-05-23,"Slovakia"
"1","Ján Mucha","33195","Keeper",1982-12-05,33,"540","Slovan Bratislava","right",500000,"€  ",189,2008-02-06,"Slovakia"
"3","Martin Skrtel","24180","Centre Back",1984-12-15,31,"31","Liverpool FC","right",10000000,"€  ",191,2004-07-09,"Slovakia"
"15","Tomas Hubocan","63252","Centre Back",1985-09-17,30,"121","Dinamo Moscow","both",4500000,"€  ",183,2006-12-11,"Slovakia"
"5","Norbert Gyömber","205054","Centre Back",1992-07-03,23,"12","AS Roma","right",700000,"€  ",189,2014-03-05,"Slovakia"
"14","Milan Skriniar","204069","Centre Back",1995-02-11,21,"1038","UC Sampdoria","left",600000,"€  ",189,2016-05-27,"Slovakia"
"16","Kornel Salata","74725","Centre Back",1985-01-24,31,"540","Slovan Bratislava","right",500000,"€  ",191,2008-05-14,"Slovakia"
"4","Jan Durica","34421","Centre Back",1981-11-10,34,"932","Lokomotiv Moscow","left",250000,"€  ",188,2004-07-09,"Slovakia"
"18","Dusan Svento","34543","Left-Back",1985-08-01,30,"3","1. FC Köln","left",750000,"€  ",178,2006-08-15,"Slovakia"
"2","Peter Pekarík","51100","Right-Back",1986-10-30,29,"44","Hertha BSC","right",2500000,"€  ",176,2006-12-10,"Slovakia"
"22","Viktor Pecovsky","21361","Defensive Midfield",1983-05-24,33,"1443","MSK Zilina","right",350000,"€  ",171,2012-08-15,"Slovakia"
"17","Marek Hamsik","38593","Central Midfield",1987-07-27,28,"6195","SSC Napoli","both",35000000,"€  ",183,2007-02-07,"Slovakia"
"19","Juraj Kucka","74943","Central Midfield",1987-02-26,29,"5","AC Milan","right",8000000,"€  ",186,2008-11-19,"Slovakia"
"13","Patrik Hrosovsky","217879","Central Midfield",1992-04-22,24,"941","FC Viktoria Plzen","right",2000000,"€  ",172,2014-11-18,"Slovakia"
"6","Jan Gregus","112317","Central Midfield",1991-01-29,25,"1322","FK Jablonec",NA,750000,"€  ",189,2015-03-31,"Slovakia"
"8","Ondrej Duda","232418","Attacking Midfield",1994-12-05,21,"255","Legia Warszawa","right",3200000,"€  ",181,2014-11-18,"Slovakia"
"20","Róbert Mak","92180","Left Wing",1991-03-08,25,"1091","PAOK Thessaloniki","right",3000000,"€  ",179,2013-02-06,"Slovakia"
"7","Vladimír Weiss","92701","Left Wing",1989-11-30,26,"6297","Al-Gharafa Sports Club","right",2800000,"€  ",173,2009-08-12,"Slovakia"
"10","Miroslav Stoch","45559","Left Wing",1989-10-19,26,"20","Bursaspor","right",4500000,"€  ",167,2009-02-10,"Slovakia"
"21","Michal Duris","74872","Centre Forward",1988-06-01,28,"941","FC Viktoria Plzen","right",2000000,"€  ",183,2012-08-15,"Slovakia"
"9","Stanislav Sestak","28775","Centre Forward",1982-12-16,33,"279","Ferencváros Budapest","right",500000,"€  ",179,2004-08-18,"Slovakia"
"11","Adam Nemec","55210","Centre Forward",1985-09-02,30,"403","Willem II Tilburg","both",300000,"€  ",190,2006-12-10,"Slovakia"
"1","Petr Cech","5658","Keeper",1982-05-20,34,"11","Arsenal FC","left",12000000,"€  ",196,2002-02-12,"Czech Republic"
"16","Tomás Vaclík","64000","Keeper",1989-03-29,27,"26","FC Basel 1893","right",4000000,"€  ",189,2012-11-14,"Czech Republic"
"23","Tomas Koubek","146714","Keeper",1992-08-26,23,"697","FC Slovan Liberec","right",1000000,"€  ",198,2016-03-24,"Czech Republic"
"17","Marek Suchy","34542","Centre Back",1988-03-29,28,"26","FC Basel 1893","right",4500000,"€  ",183,2010-10-08,"Czech Republic"
"6","Tomás Sivok","26936","Centre Back",1983-09-15,32,"20","Bursaspor","right",2000000,"€  ",185,2005-09-03,"Czech Republic"
"3","Michal Kadlec","21042","Centre Back",1984-12-13,31,"36","Fenerbahce SK","left",1400000,"€  ",185,2007-11-17,"Czech Republic"
"5","Roman Hubník","24667","Centre Back",1984-06-06,32,"941","FC Viktoria Plzen","right",400000,"€  ",192,2009-06-05,"Czech Republic"
"11","Daniel Pudil","35583","Left-Back",1985-09-27,30,"1010","Watford FC","left",1500000,"€  ",184,2007-02-07,"Czech Republic"
"8","David Limbersky","16090","Left-Back",1983-10-06,32,"941","FC Viktoria Plzen","both",1250000,"€  ",179,2009-06-05,"Czech Republic"
"2","Pavel Kaderábek","143798","Right-Back",1992-04-25,24,"533","TSG 1899 Hoffenheim","right",3500000,"€  ",182,2014-05-21,"Czech Republic"
"4","Theodor Gebre Selassie","60632","Right-Back",1986-12-24,29,"86","SV Werder Bremen","right",2750000,"€  ",181,2011-06-04,"Czech Republic"
"12","David Pavelka","133734","Central Midfield",1991-05-18,25,"10484","Kasimpasa",NA,1500000,"€  ",185,2015-09-03,"Czech Republic"
"13","Jaroslav Plasil","8885","Central Midfield",1982-01-05,34,"40","FC Girondins Bordeaux","right",1000000,"€  ",182,2004-03-31,"Czech Republic"
"22","Vladimír Darida","179643","Attacking Midfield",1990-08-08,25,"44","Hertha BSC","both",10000000,"€  ",171,2012-05-26,"Czech Republic"
"14","Daniel Kolar","43246","Attacking Midfield",1985-10-27,30,"941","FC Viktoria Plzen","right",1500000,"€  ",180,2009-06-05,"Czech Republic"
"10","Tomás Rosicky","132","Attacking Midfield",1980-10-04,35,"11","Arsenal FC","both",1000000,"€  ",179,2000-02-23,"Czech Republic"
"19","Ladislav Krejcí","140206","Left Wing",1992-07-05,23,"197","AC Sparta Praha","left",4000000,"€  ",180,2012-11-14,"Czech Republic"
"9","Borek Dockal","62983","Right Wing",1988-09-30,27,"197","AC Sparta Praha","right",3000000,"€  ",182,2012-11-14,"Czech Republic"
"20","Jirí Skalák","148734","Right Wing",1992-03-12,24,"1237","Brighton & Hove Albion","right",1500000,"€  ",176,2015-09-03,"Czech Republic"
"18","Josef Sural","69978","Right Wing",1990-05-30,26,"197","AC Sparta Praha","right",1750000,"€  ",184,2013-11-15,"Czech Republic"
"7","Tomas Necid","39665","Centre Forward",1989-08-13,26,"20","Bursaspor","right",4500000,"€  ",191,2008-11-19,"Czech Republic"
"21","David Lafata","5077","Centre Forward",1981-09-18,34,"197","AC Sparta Praha","right",1000000,"€  ",180,2006-09-02,"Czech Republic"
"15","Milan Skoda","63047","Centre Forward",1986-01-16,30,"62","SK Slavia Prag","right",900000,"€  ",190,2015-06-12,"Czech Republic"
"12","Ciprian Tatarusanu","55282","Keeper",1986-02-09,30,"430","ACF Fiorentina","right",5000000,"€  ",198,2010-11-17,"Romania"
"1","Costel Pantilimon","47659","Keeper",1987-02-01,29,"1010","Watford FC","right",4500000,"€  ",202,2008-11-19,"Romania"
"23","Silviu Lung Jr.","73731","Keeper",1989-06-04,27,"13499","Astra Giurgiu","right",2500000,"€  ",189,2010-06-05,"Romania"
"6","Vlad Chiriches","123261","Centre Back",1989-11-14,26,"6195","SSC Napoli","right",5500000,"€  ",184,2011-08-10,"Romania"
"15","Valerica Gaman","47576","Centre Back",1989-02-25,27,"13499","Astra Giurgiu","right",2200000,"€  ",188,2011-11-11,"Romania"
"21","Dragos Grigore","95182","Centre Back",1986-09-07,29,"4630","Al-Sailiya Sport Club","right",1500000,"€  ",185,2011-02-09,"Romania"
"4","Cosmin Moti","26675","Centre Back",1984-12-03,31,"31614","PFK Ludogorets Razgrad","right",1250000,"€  ",183,2008-02-06,"Romania"
"16","Steliano Filip","181501","Left-Back",1994-05-15,22,"312","Dinamo Bukarest","left",1250000,"€  ",177,2015-11-17,"Romania"
"3","Razvan Rat","14940","Left-Back",1981-05-26,35,"367","Rayo Vallecano","left",500000,"€  ",179,2002-02-13,"Romania"
"2","Alexandru Matel","48767","Right-Back",1989-10-17,26,"419","GNK Dinamo Zagreb","right",1000000,"€  ",177,2011-09-02,"Romania"
"22","Cristian Sapunaru","25942","Right-Back",1984-04-05,32,"8715","Pandurii Targu Jiu ","right",1000000,"€  ",187,2008-05-31,"Romania"
"8","Mihai Pintilii","48890","Defensive Midfield",1984-11-09,31,"301","Steaua Bucharest","right",1000000,"€  ",181,2011-08-10,"Romania"
"5","Ovidiu Hoban","81484","Defensive Midfield",1982-12-27,33,"2976","Hapoel Beer Sheva","right",800000,"€  ",182,2013-06-04,"Romania"
"18","Andrei Prepelita","37933","Central Midfield",1985-12-08,30,"31614","PFK Ludogorets Razgrad","both",1900000,"€  ",178,2014-09-07,"Romania"
"17","Lucian Sanmartean","9733","Central Midfield",1980-03-13,36,"8023","Al-Ittihad Jeddah","right",300000,"€  ",176,2002-11-20,"Romania"
"10","Nicolae Stanciu","148372","Attacking Midfield",1993-05-07,23,"301","Steaua Bucharest","right",3500000,"€  ",170,2016-03-23,"Romania"
"20","Adrian Popa","104062","Right Wing",1988-07-24,27,"301","Steaua Bucharest","right",2000000,"€  ",170,2012-10-16,"Romania"
"7","Alexandru Chipciu","64126","Left Wing",1989-05-18,27,"301","Steaua Bucharest","right",2000000,"€  ",176,2011-08-10,"Romania"
"11","Gabriel Torje","47184","Right Wing",1989-11-22,26,"2944","Osmanlispor FK","both",4000000,"€  ",167,2010-09-03,"Romania"
"13","Claudiu Keserü","25115","Centre Forward",1986-12-02,29,"31614","PFK Ludogorets Razgrad","left",4000000,"€  ",180,2013-10-11,"Romania"
"19","Bogdan Stancu","46658","Centre Forward",1987-06-28,28,"820","Genclerbirligi Ankara","right",4000000,"€  ",183,2010-08-11,"Romania"
"9","Denis Alibec","81396","Centre Forward",1991-01-05,25,"13499","Astra Giurgiu","left",2500000,"€  ",187,2015-10-11,"Romania"
"14","Florin Andone","177065","Centre Forward",1993-04-11,23,"993","Córdoba CF","right",2500000,"€  ",182,2015-06-13,"Romania"
"1","Etrit Berisha","77825","Keeper",1989-03-10,27,"398","SS Lazio","left",4000000,"€  ",194,2012-05-27,"Albania"
"23","Alban Hoxha","60388","Keeper",1987-11-23,28,"4040","FK Partizani Tiranë","right",575000,"€  ",188,2015-11-16,"Albania"
"12","Orges Shehi","60340","Keeper",1977-09-25,38,"12469","KF Skënderbeu Korçë",NA,125000,"€  ",182,2012-02-29,"Albania"
"15","Mergim Mavraj","38267","Centre Back",1986-06-09,30,"3","1. FC Köln","left",1750000,"€  ",189,2012-05-22,"Albania"
"18","Arlind Ajeti","159288","Centre Back",1993-09-25,22,"8970","Frosinone Calcio","right",1500000,"€  ",184,2014-11-14,"Albania"
"5","Lorik Cana","12149","Centre Back",1983-07-27,32,"995","FC Nantes","right",1000000,"€  ",186,2003-06-11,"Albania"
"3","Ermir Lenjani","66052","Left-Back",1989-08-05,26,"995","FC Nantes","left",1250000,"€  ",175,2013-11-15,"Albania"
"17","Naser Aliji","172982","Left-Back",1993-12-27,22,"26","FC Basel 1893","left",700000,"€  ",177,2015-06-13,"Albania"
"7","Ansi Agolli","32749","Left-Back",1982-10-11,33,"10625","Qarabag Agdam","both",300000,"€  ",179,2005-09-03,"Albania"
"4","Elseid Hysaj","200056","Right-Back",1994-02-02,22,"6195","SSC Napoli","right",12000000,"€  ",182,2013-02-06,"Albania"
"6","Frédéric Veseli","111433","Right-Back",1992-11-20,23,"2790","FC Lugano","right",800000,"€  ",183,2015-11-16,"Albania"
"14","Taulant Xhaka","113125","Defensive Midfield",1991-03-28,25,"26","FC Basel 1893","right",4000000,"€  ",175,2014-09-07,"Albania"
"20","Ergys Kace","173405","Defensive Midfield",1993-07-08,22,"1091","PAOK Thessaloniki","right",3000000,"€  ",170,2013-06-07,"Albania"
"22","Amir Abrashi","66005","Defensive Midfield",1990-03-27,26,"60","SC Freiburg","right",2500000,"€  ",172,2013-08-14,"Albania"
"8","Migjen Basha","33042","Defensive Midfield",1987-01-05,29,"1047","Calcio Como","right",800000,"€  ",180,2013-03-22,"Albania"
"2","Andi Lila","47435","Defensive Midfield",1986-02-12,30,"2671","PAS Giannina","right",700000,"€  ",186,2007-11-21,"Albania"
"13","Burim Kukeli","65418","Defensive Midfield",1984-01-16,32,"260","FC Zürich","left",500000,"€  ",180,2012-09-07,"Albania"
"9","Ledian Memushaj","139634","Central Midfield",1986-12-07,29,"2921","Delfino Pescara 1936","right",2000000,"€  ",175,2010-11-17,"Albania"
"21","Odise Roshi","99003","Right Wing",1991-05-22,25,"144","HNK Rijeka","right",350000,"€  ",187,2011-10-07,"Albania"
"11","Shkelzen Gashi","32704","Left Wing",1988-07-15,27,"1247","Colorado Rapids","left",2750000,"€  ",182,2013-08-14,"Albania"
"16","Sokol Cikalleshi","99047","Centre Forward",1990-07-27,25,"6890","Medipol Basaksehir","right",2800000,"€  ",185,2014-05-31,"Albania"
"19","Bekim Balaj","99137","Centre Forward",1991-01-11,25,"144","HNK Rijeka","right",2000000,"€  ",186,2012-11-14,"Albania"
"10","Armando Sadiku","140082","Centre Forward",1991-05-27,25,"163","FC Vaduz","right",750000,"€  ",186,2012-02-29,"Albania"
"12","Ögmundur Kristinsson","103444","Keeper",1989-06-19,27,"1059","Hammarby IF","right",500000,"€  ",193,2014-06-04,"Iceland"
"1","Hannes Thór Halldórsson","103440","Keeper",1984-04-27,32,"501","FK Bodø/Glimt","right",400000,"€  ",193,2011-09-06,"Iceland"
"13","Ingvar Jónsson","110581","Keeper",1989-10-18,26,"6399","Sandefjord Fotball","right",200000,"€  ",189,2014-11-12,"Iceland"
"6","Ragnar Sigurdsson","46478","Centre Back",1986-06-19,30,"16704","FK Krasnodar","right",6000000,"€  ",187,2007-08-22,"Iceland"
"5","Sverrir Ingi Ingason","137648","Centre Back",1993-08-05,22,"498","KSC Lokeren","right",1000000,"€  ",188,2014-01-21,"Iceland"
"19","Hördur Magnússon","130353","Centre Back",1993-02-11,23,"1429","AC Cesena","left",600000,"€  ",190,2014-11-12,"Iceland"
"14","Kári Árnason","30338","Centre Back",1982-10-13,33,"496","Malmö FF","right",500000,"€  ",190,2005-03-30,"Iceland"
"4","Hjörtur Hermannsson","187147","Centre Back",1995-02-08,21,"801","IFK Göteborg","right",300000,"€  ",189,2016-01-31,"Iceland"
"23","Ari Freyr Skúlason","42948","Left-Back",1987-05-14,29,"173","Odense Boldklub","both",700000,"€  ",170,2009-11-10,"Iceland"
"3","Haukur Heidar Hauksson","117079","Right-Back",1991-09-01,24,"272","AIK Solna","right",700000,"€  ",187,2015-01-19,"Iceland"
"2","Birkir Már Saevarsson","51188","Right-Back",1984-11-11,31,"1059","Hammarby IF","right",500000,"€  ",187,2007-06-02,"Iceland"
"16","Rúnar Már Sigurjónsson","90008","Defensive Midfield",1990-06-18,26,"2843","GIF Sundsvall","right",750000,"€  ",178,2012-11-14,"Iceland"
"17","Aron Gunnarsson","63821","Central Midfield",1989-04-22,27,"603","Cardiff City","right",2500000,"€  ",177,2008-02-02,"Iceland"
"20","Emil Hallfredsson","22673","Central Midfield",1984-06-29,31,"410","Udinese Calcio","left",2000000,"€  ",185,2005-03-30,"Iceland"
"8","Birkir Bjarnason","34453","Right Midfield",1988-05-27,28,"26","FC Basel 1893","right",2500000,"€  ",184,2010-05-29,"Iceland"
"21","Arnór Ingvi Traustason","153237","Left Midfield",1993-04-30,23,"2844","IFK Norrköping","right",1250000,"€  ",182,2015-11-13,"Iceland"
"18","Elmar Bjarnason","29390","Left Midfield",1987-03-04,29,"678","Aarhus GF","both",600000,"€  ",182,2007-06-02,"Iceland"
"10","Gylfi Sigurdsson","90466","Attacking Midfield",1989-09-09,26,"2288","Swansea City","right",13000000,"€  ",186,2010-05-29,"Iceland"
"7","Johann Berg Gudmundsson","89231","Right Wing",1990-10-27,25,"358","Charlton Athletic","left",2000000,"€  ",186,2008-08-20,"Iceland"
"11","Alfred Finnbogason","90024","Centre Forward",1989-02-01,27,"167","FC Augsburg","right",5000000,"€  ",184,2010-03-21,"Iceland"
"9","Kolbeinn Sigthórsson","52246","Centre Forward",1990-03-14,26,"995","FC Nantes","right",2750000,"€  ",185,2010-03-21,"Iceland"
"15","Jón Dadi Bödvarsson","114090","Centre Forward",1992-05-25,24,"2","1.FC Kaiserslautern","right",800000,"€  ",190,2012-11-14,"Iceland"
"22","Eidur Gudjohnsen","3176","Centre Forward",1978-09-15,37,"687","Molde FK","right",200000,"€  ",185,1996-04-24,"Iceland"
"1","Michael McGovern","29391","Keeper",1984-07-12,31,"2999","Hamilton Academical FC","right",500000,"€  ",190,2010-05-31,"Northern Ireland"
"23","Alan Mannus","62855","Keeper",1982-05-19,34,"2578","St. Johnstone FC","right",450000,"€  ",181,2004-06-06,"Northern Ireland"
"12","Roy Carroll","3534","Keeper",1977-09-30,38,"3471","Linfield FC","right",150000,"€  ",189,1997-05-21,"Northern Ireland"
"5","Jonny Evans","42412","Centre Back",1988-01-03,28,"984","West Bromwich Albion","both",6000000,"€  ",189,2006-09-06,"Northern Ireland"
"17","Patrick McNair","167268","Centre Back",1995-04-27,21,"985","Manchester United","right",4500000,"€  ",184,2015-03-25,"Northern Ireland"
"20","Craig Cathcart","59606","Centre Back",1989-02-06,27,"1010","Watford FC","right",4000000,"€  ",188,2010-09-03,"Northern Ireland"
"4","Gareth McAuley","40567","Centre Back",1979-12-05,36,"984","West Bromwich Albion","right",1000000,"€  ",191,2005-06-04,"Northern Ireland"
"18","Aaron Hughes","3580","Centre Back",1979-11-08,36,"25580","Melbourne City FC","right",350000,"€  ",183,1998-03-25,"Northern Ireland"
"15","Luke McCullough","174247","Centre Back",1994-02-15,22,"2454","Doncaster Rovers","right",250000,"€  ",189,2014-06-04,"Northern Ireland"
"3","Shane Ferguson","62052","Left-Back",1991-07-12,24,"1028","Millwall FC","left",750000,"€  ",175,2009-06-06,"Northern Ireland"
"22","Lee Hodson","110356","Right-Back",1991-10-02,24,"991","Milton Keynes Dons","right",350000,"€  ",174,2010-11-17,"Northern Ireland"
"2","Conor McLaughlin","128419","Right-Back",1991-07-26,24,"11177","Fleetwood Town","right",250000,"€  ",183,2011-10-11,"Northern Ireland"
"6","Chris Baird","4115","Defensive Midfield",1982-02-25,34,"22","Derby County","right",500000,"€  ",185,2003-06-03,"Northern Ireland"
"8","Steven Davis","28973","Central Midfield",1985-01-01,31,"180","Southampton FC","right",6000000,"€  ",172,2005-02-09,"Northern Ireland"
"16","Oliver Norwood","73547","Central Midfield",1991-04-12,25,"1032","Reading FC","right",2000000,"€  ",180,2010-08-11,"Northern Ireland"
"13","Corry Evans","73501","Central Midfield",1990-07-30,25,"164","Blackburn Rovers","right",1250000,"€  ",180,2009-06-06,"Northern Ireland"
"14","Stuart Dallas","158764","Left Midfield",1991-04-19,25,"399","Leeds United",NA,1500000,"€  ",183,2011-05-27,"Northern Ireland"
"19","Jamie Ward","48692","Left Wing",1986-05-12,30,"703","Nottingham Forest","right",1750000,"€  ",165,2011-08-10,"Northern Ireland"
"7","Niall McGinn","68321","Left Wing",1987-07-20,28,"370","Aberdeen FC","both",750000,"€  ",183,2008-11-19,"Northern Ireland"
"10","Kyle Lafferty","36884","Centre Forward",1987-09-16,28,"1123","Norwich City","right",2000000,"€  ",193,2006-05-21,"Northern Ireland"
"11","Conor Washington","249815","Centre Forward",1992-05-18,24,"1039","Queens Park Rangers",NA,2000000,"€  ",178,2016-03-24,"Northern Ireland"
"9","Will Grigg","106676","Centre Forward",1991-07-03,24,"1071","Wigan Athletic","right",1500000,"€  ",180,2012-06-02,"Northern Ireland"
"21","Josh Magennis","63223","Centre Forward",1990-08-15,25,"2553","Kilmarnock FC","right",300000,"€  ",188,2010-05-26,"Northern Ireland"
"12","Dénes Dibusz","162695","Keeper",1990-11-16,25,"279","Ferencváros Budapest","right",1200000,"€  ",188,2014-10-14,"Hungary"
"22","Péter Gulácsi","57071","Keeper",1990-05-06,26,"23826","RasenBallsport Leipzig","right",700000,"€  ",190,2014-05-22,"Hungary"
"1","Gábor Király","342","Keeper",1976-04-01,40,"649","Szombathelyi Haladás","left",250000,"€  ",191,1998-03-25,"Hungary"
"23","Roland Juhász","33868","Centre Back",1983-07-01,32,"11107","Videoton FC","right",1000000,"€  ",194,2004-04-25,"Hungary"
"2","Ádám Lang","168088","Centre Back",1993-01-17,23,"11107","Videoton FC","right",800000,"€  ",188,2014-05-22,"Hungary"
"20","Richárd Guzmics","86116","Centre Back",1987-04-16,29,"422","Wisla Kraków","right",750000,"€  ",190,2012-11-14,"Hungary"
"4","Tamás Kádár","64313","Left-Back",1990-03-14,26,"238","Lech Poznan","left",750000,"€  ",188,2010-11-17,"Hungary"
"3","Mihály Korhut","105776","Left-Back",1988-12-10,27,"84","Debreceni VSC","left",650000,"€  ",181,2014-05-22,"Hungary"
"5","Attila Fiola","108669","Right-Back",1990-02-17,26,"37169","Puskás Akadémia FC","right",750000,"€  ",182,2014-10-14,"Hungary"
"21","Barnabás Bese","148809","Right-Back",1994-05-06,22,"634","MTK Budapest","right",600000,"€  ",188,2016-06-04,"Hungary"
"8","Ádám Nagy","368559","Defensive Midfield",1995-06-17,21,"279","Ferencváros Budapest","both",1500000,"€  ",175,2015-09-07,"Hungary"
"6","Ákos Elek","103533","Defensive Midfield",1988-07-21,27,"9241","Diósgyöri VTK","left",1000000,"€  ",193,2010-06-05,"Hungary"
"16","Ádám Pintér","63209","Defensive Midfield",1988-06-12,28,"279","Ferencváros Budapest","right",750000,"€  ",190,2010-10-12,"Hungary"
"10","Zoltán Gera","18324","Central Midfield",1979-04-22,37,"279","Ferencváros Budapest","both",500000,"€  ",183,2002-02-13,"Hungary"
"15","László Kleinheisler","220656","Attacking Midfield",1994-04-08,22,"86","SV Werder Bremen","right",600000,"€  ",173,2015-11-12,"Hungary"
"18","Zoltán Stieber","61591","Left Wing",1988-10-16,27,"4","1.FC Nuremberg","left",800000,"€  ",175,2011-09-02,"Hungary"
"14","Gergő Lovrencsics","110746","Right Wing",1988-09-01,27,"238","Lech Poznan","right",650000,"€  ",177,2013-06-06,"Hungary"
"7","Balázs Dzsudzsák","35004","Right Wing",1986-12-23,29,"20","Bursaspor","left",4250000,"€  ",179,2007-06-02,"Hungary"
"17","Nemanja Nikolics","102281","Centre Forward",1987-12-31,28,"255","Legia Warszawa","both",3500000,"€  ",180,2013-10-11,"Hungary"
"9","Ádám Szalai","39106","Centre Forward",1987-12-09,28,"42","Hannover 96","right",1500000,"€  ",193,2009-02-11,"Hungary"
"11","Krisztián Németh","48262","Centre Forward",1989-01-05,27,"6297","Al-Gharafa Sports Club","right",1400000,"€  ",180,2010-05-29,"Hungary"
"13","Dániel Böde","93492","Centre Forward",1986-10-21,29,"279","Ferencváros Budapest","right",800000,"€  ",190,2013-02-06,"Hungary"
"19","Tamás Priskin","43716","Centre Forward",1986-09-27,29,"540","Slovan Bratislava","right",600000,"€  ",189,2005-08-17,"Hungary"
